title,original_title,year,date_published,genre,duration,country,language,director,actors,description,avg_vote,votes,budget,usa_gross_income,worlwide_gross_income
L'altra faccia del vento,The Other Side of the Wind,2018,2018-11-02,Drama,122,"France, Iran, USA","English, German",Orson Welles,"John Huston, Oja Kodar, Peter Bogdanovich, Susan Strasberg, Norman Foster, Robert Random, Lilli Palmer, Edmond O'Brien, Mercedes McCambridge, Cameron Mitchell, Paul Stewart, Gregory Sierra, Tonio Selwart, Dan Tobin, John Carroll",A Hollywood director emerges from semi-exile with plans to complete work on an innovative motion picture.,6.8,5887,,,
Fahrenheit 451,Fahrenheit 451,2018,2018-05-20,"Drama, Sci-Fi, Thriller",100,USA,English,Ramin Bahrani,"Michael B. Jordan, Aaron Davis, Cindy Katz, Michael Shannon, Mayko Nguyen, Dylan Taylor, Saad Siddiqui, Katherine Cullen, Edsson Morales, Jordan Baker, Nathanial Buzzanga-Silveira, Charlotte Flint, Luke Flint, Malakai Fox, Marni Hogg","In a terrifying care-free future, a young man, Guy Montag, whose job as a fireman is to burn all books, questions his actions after meeting a young woman - and begins to rebel against society.",4.9,16882,,,
A Million Little Pieces,A Million Little Pieces,2018,2019-12-06,Drama,113,USA,English,Sam Taylor-Johnson,"Aaron Taylor-Johnson, Billy Bob Thornton, Odessa Young, Giovanni Ribisi, Juliette Lewis, Dash Mihok, Charles Parnell, Ryan Hurst, David Dastmalchian, Tom Amandes, Charlie Hunnam, Andy Mackenzie, Eugene Byrd, Andy Buckley, Keith Barber",A drug dependent young man faces his past and his inner demons after he is interned in an institution for addicted.,6.2,1551,,,$ 89825
Super Troopers 2,Super Troopers 2,2018,2018-07-12,"Comedy, Crime, Mystery",100,USA,English,Jay Chandrasekhar,"Seann William Scott, Clifton Collins Jr., Steve Lemme, Erik Stolhanske, Jay Chandrasekhar, Paul Soter, Damon Wayans Jr., Kevin Heffernan, Brian Cox, Marisa Coughlan, Bruce McCulloch, Lynda Carter, Rob Lowe, Hayes MacArthur, Tyler Labine","When a border dispute arises between the U.S. and Canada, the Super Troopers are tasked with establishing a Highway Patrol station in the disputed area.",6.0,23256,$ 13500000,$ 30617396,$ 31626386
Dukun,Dukun,2018,2018-04-05,"Horror, Thriller",108,Malaysia,"Hokkien, Malay",Dain Said,"Umie Aida, Faizal Hussein, Elyana, Ramli Hassan, Namron, Bront Palarae, Kin Wah Chew, Hasnul Rahmat, Sofi Jikan, Avaa Vanja, Adlin Aman Ramlee, Adman Salleh","In a case that had the nation riveted and human rights organizations the world over up in arms due to the death sentence handed out to the accused, comes a tale about the lure of riches, ...",6.8,382,MYR 2800000,,
Back Roads,Back Roads,2018,2018-12-07,"Crime, Drama, Thriller",101,USA,English,Alex Pettyfer,"Jennifer Morrison, Nicola Peltz, Juliette Lewis, Robert Patrick, Alex Pettyfer, Tom Everett Scott, Danika Yarosh, Robert Longstreet, Chiara Aurelia, Sky Elobar, Jeff Pope, K.D. O'Hair, June Carryl, Hala Finley, Gavin Warren","In 1993, Harley's dad is shot dead and his mom goes to prison. He has to earn money and look after his 3 kid sisters. No college. Over 2 years, family secrets are slowly revealed. Will a good therapist be enough?",6.6,3178,,,
Loro,Loro,2018,2018-10-18,"Biography, Drama",151,Italy,Italian,Paolo Sorrentino,"Toni Servillo, Elena Sofia Ricci, Riccardo Scamarcio, Kasia Smutniak, Euridice Axen, Fabrizio Bentivoglio, Roberto De Francesco, Dario Cantarelli, Anna Bonaiuto, Giovanni Esposito, Ugo Pagliai, Ricky Memphis, Duccio Camerini, Yann Gael, Lorenzo Gioielli","During a tumultuous period in the career of Silvio Berlusconi, as his marriage to second wife Veronica Lario fractures, LORO speculates on what may or may not have taken place behind closed...",6.7,3708,,$ 35613,$ 38470
Ikinci pärdä,Ikinci pärdä,2018,2018-11-16,Drama,72,Azerbaijan,Azerbaijani,Emil Guliev,"Rovshan Agayev, Gunay Ahmed, Qorqud Cafarli, Elshen Esgerov, Hikmat Rahimov",Tima's friends backbite on him after he leaves early from their friend Ibish's birthday party. Tima is going to experience a series of unexpected events.,8.6,201,,,
Per amore di Megan,Killer in Law,2018,2018-12-18,Thriller,90,USA,English,Danny J. Boyle,"Kelly Sullivan, Nana Visitor, Brett Zimmerman, Violet Hicks, Lexi Atkins, Jessica Blackmore, Meilee Condron, Patricia Mizen, Shelley Robertson, Jesi Mandagaran, Bernardo Saracino, Milan Aguilera, Brenden Wedner, Jodi Lynn Thomas, O'Neill Monahan","Melissa, a happily married woman with an eight-year-old daughter, invites her husband's mother to live with them, only to realize that Grandma is unhinged and wants to kidnap Melissa's daughter to replace her own dead child.",5.0,213,,,
Suspiria,Suspiria,2018,2019-01-01,"Fantasy, Horror, Mystery",152,"Italy, USA","English, German, French, Russian",Luca Guadagnino,"Chloë Grace Moretz, Tilda Swinton, Doris Hick, Malgorzata Bela, Dakota Johnson, Angela Winkler, Vanda Capriolo, Alek Wek, Jessica Batut, Elena Fokina, Mia Goth, Clémentine Houdart, Ingrid Caven, Sylvie Testud, Fabrizia Sacchi","A darkness swirls at the center of a world-renowned dance company, one that will engulf the artistic director, an ambitious young dancer, and a grieving psychotherapist. Some will succumb to the nightmare. Others will finally wake up.",6.8,57122,$ 20000000,$ 2483472,$ 7942093
Hometown Killer,Hometown Killer,2018,2018-12-09,Thriller,87,USA,English,Jeff Hare,"Kaitlyn Black, Ashley Gallegos, Jon Prescott, Kelly Marcus, Sydney Cope, Chris Devlin, John Dinan, Will Greenburg, Jensen Higley, Joy A. Kennelly, Michael James Lazar, Christopher Loverro, Emily Rey, Eva Augustina Sinotte, Mary Chris Wall",A young woman finds her life in danger when an emotionally disturbed police officer she bullied in high school targets her in a twisted plan of revenge.,5.5,141,,,
At the Door,At the Door,2018,2018-04-06,Horror,99,USA,English,Maude Michaud,"Alex Goldrich, Shannon Lark, Dega Lazare","A strange disease is plaguing the city. Hoping to escape contamination, Eva and Sam, an estranged married couple, are forced to barricade themselves in their apartment despite the palpable ...",5.6,321,,,
La vedova Winchester,Winchester,2018,2018-02-22,"Biography, Drama, Fantasy",99,"Australia, USA",English,"Michael Spierig, Peter Spierig","Helen Mirren, Sarah Snook, Finn Scicluna-O'Prey, Jason Clarke, Emm Wiseman, Alana Fagan, Rebecca Makar, Tyler Coppin, Michael Carman, Angus Sampson, Alice Chaston, Eamon Farren, Laura Brent, Adam Bowes, Bruce Spence","Ensconced in her sprawling San Jose, California mansion, eccentric firearm heiress Sarah Winchester (Dame Helen Mirren) believes she is haunted by the souls of people killed by the Winchester repeating rifle.",5.4,29208,$ 3500000,$ 25091816,$ 44019588
Farming,Farming,2018,2019-10-11,Drama,101,"UK, USA, France",English,Adewale Akinnuoye-Agbaje,"Leke Adebayo, Ademola Adedoyin, Adejola Adeyemi, Adewale Akinnuoye-Agbaje, Michael Akinsulire, David Alase, Zephan Hanson Amissah, Brooklyn Appiah, Shane Attwooll, Zach Avery, Rachael Banjo, Theo Barklem-Biggs, Kate Beckinsale, Bradley Bissett, Scarlett Brookes","Based on the writer/director's childhood, FARMING tells story of a young Nigerian boy, 'farmed out' by his parents to a white British family in the hope of a better future. Instead, he becomes the feared leader of a white skinhead gang.",5.8,888,,,$ 80035
Il giustiziere della notte - Death Wish,Death Wish,2018,2018-03-08,"Action, Crime, Drama",107,"USA, Canada","English, Spanish",Eli Roth,"Bruce Willis, Vincent D'Onofrio, Elisabeth Shue, Camila Morrone, Dean Norris, Beau Knapp, Kimberly Elise, Len Cariou, Jack Kesy, Ronnie Gene Blevins, Kirby Bliss Blanton, Andreas Apergis, Ian Matthews, Wendy Crewson, Warona Setshwaelo","Dr. Paul Kersey is an experienced trauma surgeon, a man who has spent his life saving lives. After an attack on his family, Paul embarks on his own mission for justice.",6.4,61564,$ 30000000,$ 34017028,$ 49562710
First Man - Il primo uomo,First Man,2018,2018-10-31,"Biography, Drama, History",141,"USA, Japan",English,Damien Chazelle,"Ryan Gosling, Claire Foy, Jason Clarke, Kyle Chandler, Corey Stoll, Patrick Fugit, Christopher Abbott, Ciarán Hinds, Olivia Hamilton, Pablo Schreiber, Shea Whigham, Lukas Haas, Ethan Embry, Brian d'Arcy James, Cory Michael Smith","A look at the life of the astronaut,",7.3,159476,$ 59000000,$ 44936545,$ 105697415
Beautiful Boy,Beautiful Boy,2018,2019-06-13,"Biography, Drama",120,USA,English,Felix van Groeningen,"Steve Carell, Maura Tierney, Jack Dylan Grazer, Oakley Bull, Christian Convery, Timothée Chalamet, Amy Aquino, Carlton Wilborn, Stefanie Scott, Marypat Farrell, Timothy Hutton, Amy Forsyth, Kue Lawrence, Brandon James Cienfuegos, Cheska Corona","Based on the best-selling pair of memoirs from father and son David and Nic Sheff, Beautiful Boy chronicles the heartbreaking and inspiring experience of survival, relapse and recovery in a family coping with addiction over many years.",7.3,48357,$ 25000000,$ 7649973,$ 16636604
Where Hands Touch,Where Hands Touch,2018,2019-05-10,"Drama, Romance, War",122,UK,English,Amma Asante,"Abbie Cornish, George MacKay, Amandla Stenberg, Christopher Eccleston, Tom Goodman-Hill, Alec Newman, Tomiwa Edun, Lucy Russell, Will Attenborough, Simon Harrison, Olivia Vinall, Hermione Gulliford, Daniel Weyman, Tim Faraday, Tom Sweet",A rites of passage story of a bi-racial teen struggling for survival in Nazi Germany.,6.2,2920,,$ 67743,$ 128269
Holmes & Watson - 2 de menti al servizio della regina,Holmes & Watson,2018,2018-12-25,"Comedy, Crime, Mystery",90,"USA, Canada",English,Etan Cohen,"Will Ferrell, John C. Reilly, Rebecca Hall, Rob Brydon, Kelly Macdonald, Lauren Lapkus, Pam Ferris, Ralph Fiennes, Hector Bateman-Harden, Codie-Lei Eastick, Laura Stevely, Layla Rose Boyce, Sadie Newman, Harry Baxendale, Ella Bright",A humorous take on Sir Arthur Conan Doyle's classic mysteries featuring Sherlock Holmes and Doctor Watson.,3.8,28587,$ 42000000,$ 30573626,$ 40466970
Nella tana dei lupi,Den of Thieves,2018,2018-04-05,"Action, Crime, Drama",140,USA,"English, Polynesian, Spanish",Christian Gudegast,"Gerard Butler, Pablo Schreiber, O'Shea Jackson Jr., 50 Cent, Meadow Williams, Maurice Compte, Brian Van Holt, Evan Jones, Mo McRae, Kaiwi Lyman, Dawn Olivieri, Eric Braeden, Jordan Bridges, Lewis Tan, Cooper Andrews",An elite unit of the LA County Sheriff's Dept. and the state's most successful bank robbery crew clash as the outlaws plan a seemingly impossible heist on the Federal Reserve Bank.,7.0,88814,$ 30000000,$ 44947622,$ 80509622
Venom,Venom,2018,2018-10-04,"Action, Adventure, Sci-Fi",112,"China, USA","English, Mandarin, Malay",Ruben Fleischer,"Tom Hardy, Michelle Williams, Riz Ahmed, Scott Haze, Reid Scott, Jenny Slate, Melora Walters, Woody Harrelson, Peggy Lu, Malcolm C. Murray, Sope Aluko, Wayne Pére, Michelle Lee, Kurt Yue, Chris O'Hara","A failed reporter is bonded to an alien entity, one of many symbiotes who have invaded Earth. But the being takes a liking to Earth and decides to protect it.",6.7,343608,$ 100000000,$ 213515506,$ 856085151
London Fields,London Fields,2018,2018-10-26,"Crime, Mystery, Thriller",118,"UK, USA",English,Mathew Cullen,"Amber Heard, Cara Delevingne, Jason Isaacs, Theo James, Gemma Chan, Jaimie Alexander, Billy Bob Thornton, Jim Sturgess, Lily Cole, Henry Garrett, Chris Wilson, Jennifer Missoni, Alexandra Evans, Michael Shaeffer, Barrington De La Roche",Clairvoyant femme fatale Nicola Six has been living with a dark premonition of her impending death by murder. She begins a tangled love affair with three uniquely different men: one of whom she knows will be her murderer.,4.3,5125,$ 8000000,$ 252676,$ 487420
The Strangers: Prey at Night,The Strangers: Prey at Night,2018,2018-05-31,Horror,85,"USA, UK",English,Johannes Roberts,"Christina Hendricks, Martin Henderson, Bailee Madison, Lewis Pullman, Damian Maffei, Emma Bellomy, Lea Enslin, Mary Louise Casanta, Ken Strunk, Rachel Kuhn, Leah Roberts, Preston Sadleir, Gabriel A. Byrne",A family of four staying at a secluded mobile home park for the night are stalked and then hunted by three masked psychopaths.,5.2,25927,$ 5000000,$ 24586708,$ 31039126
Il club del libro e della torta di bucce di patata di Guernsey,The Guernsey Literary and Potato Peel Pie Society,2018,2018-08-10,"Drama, Romance, War",124,"UK, France, USA","English, German, French",Mike Newell,"Jessica Brown Findlay, Tom Courtenay, Michiel Huisman, Katherine Parkinson, Marek Oravec, Jack Morris, Matthew Goode, Lily James, Stephanie Schonfield, Pippa Rathborne, Emily Patrick, Rachal Olivant, Clive Merrison, Glen Powell, Bernice Stegers","In the aftermath of World War II, a writer forms an unexpected bond with the residents of Guernsey Island when she decides to write a book about their experiences during the war.",7.4,31727,,,$ 23148937
Pupazzi senza gloria,The Happytime Murders,2018,2018-10-18,"Action, Comedy, Crime",91,"USA, China",English,Brian Henson,"Melissa McCarthy, Elizabeth Banks, Maya Rudolph, Leslie David Baker, Joel McHale, Cynthy Wu, Michael McDonald, Mitch Silpa, Hemky Madera, Benjamin Cole Royer, Brekkan Spens, Ryan Tran, Fortune Feimster, Brian Palermo, Damon Jones","When the puppet cast of a '90s children's TV show begin to get murdered one by one, a disgraced LAPD detective-turned-private eye puppet takes on the case.",5.4,23196,$ 40000000,$ 20706452,$ 27506452
L'uomo che uccise Don Chisciotte,The Man Who Killed Don Quixote,2018,2018-09-27,"Adventure, Comedy, Drama",132,"Spain, Belgium, France, UK, Portugal","English, Spanish",Terry Gilliam,"José Luis Ferrer, Ismael Fritschi, Juan López-Tagle, Adam Driver, William Miller, Will Keen, Jason Watkins, Paloma Bloyd, Óscar Jaenada, Sonia Franco, José Aser Giménez, José Antonio Fernández, Viveka Rytzner, Alberto Jo Lee, Bruno Sevilla","Toby, a disillusioned film director, is pulled into a world of time-jumping fantasy when a Spanish cobbler believes himself to be Sancho Panza. He gradually becomes unable to tell dreams from reality.",6.4,14751,EUR 17000000,$ 391963,$ 2390383
Tomb Raider,Tomb Raider,2018,2018-03-15,"Action, Adventure, Fantasy",119,"UK, USA","English, Cantonese, Hindi",Roar Uthaug,"Alicia Vikander, Dominic West, Walton Goggins, Daniel Wu, Kristin Scott Thomas, Derek Jacobi, Alexandre Willaume, Tamer Burjaq, Adrian Collins, Keenan Arrison, Andrian Mazive, Milton Schorr, Hannah John-Kamen, Peter Waison, Samuel Mak",Lara Croft (,6.3,185701,$ 94000000,$ 58250803,$ 274650803
Mapplethorpe,Mapplethorpe,2018,2019-09-23,"Biography, Drama",102,USA,English,Ondi Timoner,"Matt Smith, Marianne Rendón, John Benjamin Hickey, Brandon Sklenar, Tina Benko, Mark Moses, Carolyn McCormick, Thomas Philip O'Neill, Mickey O'Hagan, Anthony Michael Lopez, McKinley Belcher III, Brian Stokes Mitchell, Karlee Perez, David J. Cork, Kerry Butler",A look at the life of photographer,6.1,1027,,$ 91002,$ 91002
12 Soldiers,12 Strong,2018,2018-07-11,"Action, Drama, History",130,USA,"Uzbek, English, Dari, Russian, Spanish",Nicolai Fuglsig,"Chris Hemsworth, Michael Shannon, Michael Peña, Navid Negahban, Trevante Rhodes, Geoff Stults, Thad Luckinbill, Austin Hébert, Austin Stowell, Ben O'Toole, Kenneth Miller, Kenny Sheard, Jack Kesy, Rob Riggle, William Fichtner","12 Strong tells the story of the first Special Forces team deployed to Afghanistan after 9/11; under the leadership of a new captain, the team must work with an Afghan warlord to take down the Taliban.",6.6,64601,$ 35000000,$ 45819713,$ 67450815
2050,2050,2018,2020-01-14,"Drama, Fantasy, Sci-Fi",106,"USA, China",English,Princeton Holt,"David Vaughn, Irina Abraham, Devin Fuller, Dean Cain, Stefanie Bloom, Stormi Maya, Shannone Holt, Hope Blackstock, Chris Riquinha, Jace Nicole, Jonathan Ercolino, Juliana Corsetti, Ben Bott, Gregory Rawrysz, Merrill Joseffer",A family man struggling to hold it all together discovers a hidden parlor that offers a solution...sexbots.,3.5,521,,,
Mute,Mute,2018,2018-02-23,"Mystery, Sci-Fi, Thriller",126,"UK, Germany","English, German",Duncan Jones,"Levi Eisenblätter, Rosie Shaw, Eugen Bauder, Livia Matthes, Jarah Maria Anders, Caroline Peters, Laura de Boer, Grégoire Gros, Alexander Skarsgård, Seyneb Saleh, Robert Sheehan, Paul Rudd, Daniel Fathers, Nikki Lamborn, Noel Clarke",A mute bartender goes up against his city's gangsters in an effort to find out what happened to his missing partner.,5.4,29623,,,
Aquaman,Aquaman,2018,2019-01-01,"Action, Adventure, Fantasy",143,"USA, Australia","English, Russian, Maori, Italian",James Wan,"Jason Momoa, Amber Heard, Willem Dafoe, Patrick Wilson, Nicole Kidman, Dolph Lundgren, Yahya Abdul-Mateen II, Temuera Morrison, Ludi Lin, Michael Beach, Randall Park, Graham McTavish, Leigh Whannell, Tainui Kirkwood, Tamor Kirkwood","Arthur Curry, the human-born heir to the underwater kingdom of Atlantis, goes on a quest to prevent a war between the worlds of ocean and land.",6.9,348878,$ 160000000,$ 335061807,$ 1148485886
Halloween,Halloween,2018,2018-10-25,"Crime, Horror, Thriller",106,"USA, UK",English,David Gordon Green,"Jamie Lee Curtis, Judy Greer, Andi Matichak, James Jude Courtney, Nick Castle, Haluk Bilginer, Will Patton, Rhian Rees, Jefferson Hall, Toby Huss, Virginia Gardner, Dylan Arnold, Miles Robbins, Drew Scheid, Jibrail Nantambu","Laurie Strode confronts her long-time foe Michael Myers, the masked figure who has haunted her since she narrowly escaped his killing spree on Halloween night four decades ago.",6.6,112488,$ 10000000,$ 159342015,$ 255485178
A Star Is Born,A Star Is Born,2018,2018-10-11,"Drama, Music, Romance",136,USA,English,Bradley Cooper,"Lady Gaga, Bradley Cooper, Sam Elliott, Andrew Dice Clay, Rafi Gavron, Anthony Ramos, Dave Chappelle, Alec Baldwin, Marlon Williams, Brandi Carlile, Ron Rifkin, Barry Shabaka Henley, Michael D. Roberts, Michael Harney, Rebecca Field",A musician helps a young singer find fame as age and alcoholism send his own career into a downward spiral.,7.7,318520,$ 36000000,$ 215288866,$ 436188866
Ihmisen osa,Ihmisen osa,2018,2018-12-21,"Comedy, Drama",107,"Finland, Denmark",Finnish,Juha Lehtola,"Hannu-Pekka Björkman, Leena Uotila, Asko Sarkola, Ria Kataja, Armi Toivanen, Kari Hietalahti, Della McLoud, Nicole Stiles, Rea Mauranen, Auvo Vihro, Eero Saarinen, Eila Halonen, Ossi Ahlapuro, Sanna Hietala, Toni Harjajärvi","Pekka tells his parents and two sisters he is a successful businessman, while conning strangers for money and scraps of food. Things come to a head when the parents decide to come visit him unannounced.",6.8,405,EUR 1413000,,
Overboard,Overboard,2018,2018-07-19,"Comedy, Romance",112,"USA, Mexico","English, Norwegian, Spanish, French",Rob Greenberg,"Eugenio Derbez, Anna Faris, Eva Longoria, John Hannah, Swoosie Kurtz, Mel Rodriguez, Josh Segarra, Hannah Nordberg, Alyvia Alyn Lind, Payton Lepinski, Fernando Luján, Cecilia Suárez, Mariana Treviño, Jesús Ochoa, Omar Chaparro","After a spoiled, wealthy yacht owner is thrown overboard and loses his memory, a mistreated employee convinces him that he is her working-class husband.",6.0,33083,$ 12000000,$ 50316123,$ 91244913
Macchine mortali,Mortal Engines,2018,2018-12-13,"Action, Adventure, Fantasy",128,"USA, New Zealand",English,Christian Rivers,"Hera Hilmar, Robert Sheehan, Hugo Weaving, Jihae, Ronan Raftery, Leila George, Patrick Malahide, Stephen Lang, Colin Salmon, Mark Mitchinson, Regé-Jean Page, Menik Gooneratne, Frankie Adams, Leifur Sigurðarson, Kahn West","In a post-apocalyptic world where cities ride on wheels and consume each other to survive, two people meet in London and try to stop a conspiracy.",6.1,100004,$ 100000000,$ 15951040,$ 83672673
L'uomo sul treno,The Commuter,2018,2018-01-25,"Action, Mystery, Thriller",104,"USA, UK, France, China, Canada","English, Spanish",Jaume Collet-Serra,"Liam Neeson, Vera Farmiga, Patrick Wilson, Jonathan Banks, Sam Neill, Elizabeth McGovern, Killian Scott, Shazad Latif, Andy Nyman, Clara Lago, Roland Møller, Florence Pugh, Dean-Charles Chapman, Ella-Rae Smith, Nila Aalia",An action-thriller in which an insurance salesman/ex-cop is caught up in a life-threatening conspiracy during his daily commute home.,6.3,99769,$ 30000000,$ 36343858,$ 119942387
A Wrinkle in Time,A Wrinkle in Time,2018,2018-03-29,"Adventure, Family, Fantasy",109,USA,English,Ava DuVernay,"Storm Reid, Oprah Winfrey, Reese Witherspoon, Mindy Kaling, Levi Miller, Deric McCabe, Chris Pine, Gugu Mbatha-Raw, Zach Galifianakis, Michael Peña, André Holland, Rowan Blanchard, Bellamy Young, David Oyelowo, Conrad Roberts","After the disappearance of her scientist father, three peculiar beings send Meg, her brother, and her friend to space in order to find him.",4.2,39933,$ 100000000,$ 100478608,$ 132675864
Daddy's Girl,Daddy's Girl,2018,2020-10-05,"Crime, Horror, Thriller",81,USA,English,Julian Richards,"Jemma Dallender, Costas Mandylor, Britt McKillip, Jesse Moss, Mark Arnold, Diana Care, Micavrie Amaia, Annie Quigley, Cherise Silvestri, Heather Rome, Alexander McMorran, John Moraitis, Natia Tsitsilashvili, Sophio Babilodze, Ana Imnadze",A young woman held captive by her stepfather becomes the focus of a female vigilante.,4.4,192,,,
Ready Player One,Ready Player One,2018,2018-03-28,"Action, Adventure, Sci-Fi",140,"USA, India",English,Steven Spielberg,"Tye Sheridan, Olivia Cooke, Ben Mendelsohn, Lena Waithe, T.J. Miller, Simon Pegg, Mark Rylance, Philip Zhao, Win Morisaki, Hannah John-Kamen, Ralph Ineson, Susan Lynch, Clare Higgins, Laurence Spellman, Perdita Weeks","When the creator of a virtual reality called the OASIS dies, he makes a posthumous challenge to all OASIS users to find his Easter Egg, which will give the finder his fortune and control of his world.",7.5,353913,$ 175000000,$ 137690172,$ 582893671
Been So Long,Been So Long,2018,2018-10-26,"Drama, Musical, Romance",100,,,Tinge Krishnan,"Michaela Coel, Mya Lewis, Arinzé Kene, George MacKay, Jo Martin, Oliver Yhap, Sam Swann, Jamila Martin-Wingett, Clare Perkins, Ronke Adekoluejo, Tom Forbes, Rakie Ayola, Luke Norris, Frieda Thiel, Sophia La Porta","A dedicated single mother who, on an unusual night on the town, is charmed by a handsome yet troubled stranger.",5.4,827,,,
Domenica,Come Sunday,2018,2018-04-13,"Biography, Drama",106,USA,English,Joshua Marston,"Chiwetel Ejiofor, Gerard Catus, Allie McCulloch, LaKeith Stanfield, Jason Segel, Stacey Sargeant, Condola Rashad, Andrew Masset, Selena Anduze, Danny Glover, Nic Starr, Martin Sheen, Ric Reitz, Dustin Lewis, Tonea Stewart",Evangelist Carlton Pearson is ostracized by his church for preaching that there is no Hell.,6.0,1900,,,
Bohemian Rhapsody,Bohemian Rhapsody,2018,2018-11-29,"Biography, Drama, Music",134,"UK, USA","English, British Sign Language",Bryan Singer,"Rami Malek, Lucy Boynton, Gwilym Lee, Ben Hardy, Joseph Mazzello, Aidan Gillen, Allen Leech, Tom Hollander, Mike Myers, Aaron McCusker, Meneka Das, Ace Bhatti, Priya Blackburn, Dermot Murphy, Dickie Beau",The story of the legendary British rock band,8.0,433549,$ 52000000,$ 216668042,$ 906884690
Charlie Says,Charlie Says,2018,2019-08-22,"Biography, Crime, Drama",110,USA,English,Mary Harron,"Hannah Murray, Matt Smith, Sosie Bacon, Marianne Rendón, Merritt Wever, Suki Waterhouse, Chace Crawford, Annabeth Gish, Kayli Carter, Grace Van Dien, Bridger Zadina, Julia Schlaepfer, Dayle McLeod, Morgan Melton, India Ennenga",The tragic tale of an all-American girl who was transformed into a cold-blooded killer in the summer of 1969.,5.8,2644,,$ 40685,$ 98240
Mara,Mara,2018,2018-09-07,"Crime, Horror, Thriller",98,USA,English,Clive Tonge,"Olga Kurylenko, Craig Conway, Javier Botet, Rosie Fellner, Lance E. Nichols, Mackenzie Imsand, Ted Johnson, Mitch Eakins, Melissa Bolona, Marcus W. Weathersby, Dandy Barrett, Rebecca Adams, Charles Lawlor, Montré Everett, Jacob Grodnik","Sophie wakes up, hears scary noises from her parents' bedroom and sees her dad dead. A psychologist arrives there to determine what happened.",5.1,6171,$ 5000000,,$ 661769
Catskill Park,Catskill Park,2018,2018-11-27,"Horror, Sci-Fi, Thriller",93,USA,,Vlad Yudin,"Lauren Francesca, Wen Yann Shih, Katelyn Pearce, Alexander Cendese, Gregory Lay, Brittney Lee Hamilton, Gio Perez, Rajesh Nahar, Melissa Haley Smith, Derek Solomon, Conan Marchi, Tim Schumacher, Katie Wilbur, Christiana Pearce, Maya Kenney",A camping trip turns into a living nightmare when a blizzard traps four friends in 36 inches of sudden snow -- and shrieking alien sounds outside of their tents.,3.7,163,,,
Benji,Benji,2018,2018-03-16,"Crime, Drama, Family",87,"United Arab Emirates, USA",English,Brandon Camp,"Gabriel Bateman, Darby Camp, Kiele Sanchez, Gralen Bryant Banks, Will Rothhaar, Angus Sampson, Jerod Haynes, Lacy Camp, Jim Gleason, Brady Permenter, James W. Evermore, Tom Proctor, Arthur J. Robinson","Two school kids strike up a friendship with an orphaned puppy named Benji. When danger befalls them and they end up kidnapped by robbers who are in over their heads, Benji and his scruffy sidekick come to the rescue.",6.3,3595,$ 6000000,,$ 585333
Gotti - Il primo padrino,Gotti,2018,2018-09-13,"Biography, Crime, Drama",112,"Canada, USA",English,Kevin Connolly,"John Travolta, Spencer Rocco Lofranco, Kelly Preston, Pruitt Taylor Vince, William DeMeo, Leo Rossi, Chris Kerson, Stacy Keach, Ashley Drew Fisher, Jordan Trovillion, Nik Pajic, Chris Mulkey, Greg Procaccino, Donald John Volpenhein, Andrew Fiscella",The story of crime boss,4.8,13171,$ 10000000,$ 4343227,$ 6412349
Black Panther,Black Panther,2018,2018-02-14,"Action, Adventure, Sci-Fi",134,USA,"English, Swahili, Nama, Xhosa, Korean",Ryan Coogler,"Chadwick Boseman, Michael B. Jordan, Lupita Nyong'o, Danai Gurira, Martin Freeman, Daniel Kaluuya, Letitia Wright, Winston Duke, Sterling K. Brown, Angela Bassett, Forest Whitaker, Andy Serkis, Florence Kasumba, John Kani, David S. Lee","T'Challa, heir to the hidden but advanced kingdom of Wakanda, must step forward to lead his people into a new future and must confront a challenger from his country's past.",7.3,597058,$ 200000000,$ 700426566,$ 1347280838
Operation Ragnarök,Operation Ragnarök,2018,2018-12-07,"Action, Drama, Thriller",99,Sweden,"Swedish, Persian",Fredrik Hiller,"Hafþór Júlíus Björnsson, Björn Bengtsson, Dag Malmberg, Jonas Malmsjö, Peter Eggers, Thomas Oredsson, Victor von Schirach, Malin Arvidsson, Rafael Edholm, Bahar Pars, Fredrik Hiller, Jarmo Mäkinen, Arna Magnea Danks, Kardo Razzazi, Per Ragnar",A town in the south of Sweden is isolated after a viral outbreak. The Swedes and immigrants still inside must band together to survive the onslaught.,3.6,162,SEK 22000000,,
The VelociPastor,The VelociPastor,2018,2018-08-31,"Action, Adventure, Comedy",75,"USA, China","English, Cantonese, Mandarin, Korean",Brendan Steere,"Alyssa Kempinski, Greg Cohan, Aurelio Voltaire, Claire Hsu, Jesse Turits, Daniel Steere, Fernando Pacheco De Castro, Nicholas M. Garofolo, Zachary Steere, David Sokol, Jiechang Yang, George Schewnzer, Pat Hroncich, Douglas Saint James, Janice Young","After losing his parents, a priest travels to China, where he inherits a mysterious ability that allows him to turn into a dinosaur. At first horrified by this new power, a hooker convinces him to use it to fight crime. And ninjas.",5.1,2751,,,
Hunter Killer - Caccia negli abissi,Hunter Killer,2018,2018-11-08,"Action, Thriller",121,"UK, China, France, USA","English, Russian",Donovan Marsh,"Ethan Baird, Jacob Scipio, Dempsey Bovell, Corey Johnson, Adam James, Common, Henry Goodman, Colin Stinton, Gary Oldman, Gerard Butler, Carter MacIntyre, Shane Taylor, Kola Bokinni, Mikey Collins, Will Attenborough","An untested American submarine captain teams with U.S. Navy Seals to rescue the Russian president, who has been kidnapped by a rogue general.",6.6,49780,$ 40000000,$ 15767460,$ 31672678
7 Splinters in Time,7 Splinters in Time,2018,2018-03-03,"Mystery, Sci-Fi, Thriller",75,USA,English,Gabriel Judet-Weinshel,"Emmanuelle Chriqui, Al Sapienza, Austin Pendleton, Lynn Cohen, Sarah Sokolovic, Akiva Schaffer, Edoardo Ballerini, Lauren Fox, Ashley Nicole Anderson, Giuliana Carullo, Greg Bennick","A detective investigates a murder, only to find that the victim is... himself. Soon, he discovers multiple versions of himself, not all of them friendly.",3.3,487,,,
Heaven's War,Heaven's War,2018,2018-11-06,"Fantasy, Thriller",95,USA,English,Danny Carrales,"Jason Gerhardt, Donny Boaz, Kelly Patton, Chloe Clark, Barbara Williamson, Robin Haynes, Rachel Lena Young, Connor James, Johnny Walter, Lance Haverda, Craig Nigh, Monika Stewart, Karrie Cox, Conner Evans, Joe Estevez","The movie follows the story of Jonah Thomas, a US senator, who gets trapped in an epic battle fought between life and death.",4.2,192,,,
All These Small Moments,All These Small Moments,2018,2018-11-25,Drama,100,USA,,Melissa Miller Costanzo,"Brendan Meyer, Molly Ringwald, Brian d'Arcy James, Sam McCarthy, Jemima Kirke, Charlie Oh, Connor Johnston, Salena Qureshi, Jazzy Kae, Michael Neithardt, Harley Quinn Smith, Adriana Pettinga, Roscoe Orman, Danelle Eliav, Vella Lovell",A teenage boy's infatuation with a woman he sees on the bus further complicates his already tumultuous adolescence.,5.5,509,,,
Beyond Paradise,Beyond Paradise,2018,2018-01-05,"Drama, Romance",101,USA,English,J.J. Alani,"Daphne Zuniga, Spencer Grammer, Ryan Guzman, Francia Raisa, Yareli Arizmendi, Misha Crosby, Christopher Maleki, Mel Fair, Kira Soltanovich, Ali Olomi, Max Amini, Dennis Nicomede, Jarrod Crawford, Rome Shadanloo, Jennifer Nash","Haunted by a tragic past, Shahrzad, a stunning music student, flees her homeland and ends up in an estranged marriage in Los Angeles, where her piano teacher's lover sparks a passion in her that threatens to destroy everything.",5.7,352,,,
5 Weddings,5 Weddings,2018,2018-10-26,"Comedy, Drama, Romance",90,"USA, India, Canada",English,Namrata Singh Gujral,"Nargis Fakhri, Rajkummar Rao, Bo Derek, Candy Clark, Anneliese van der Pol, Suvinder Vicky, Mariana Paola Vicente, Saru Maini, Robert Palmer Watkins, Dawn Richard, Abhimanue, Ravi Aneja, Darshan Aulakh, Ramesh Bhardwaj, Bagga Cheema","An American journalist travels to India to cover Bollywood weddings, only to uncover a mosaic of cultural clashes, transgender tangles and lost loves with her travels culminating at a destination where the only journey is the one within.",3.5,408,,,$ 26980
Beyond White Space,Beyond White Space,2018,2018-12-14,"Sci-Fi, Thriller",93,"USA, Hungary",English,Ken Locsmandi,"Holt McCallany, Zulay Henao, Dave Sheridan, James Devoti, Jocko Sims, Kodi Kitchen, Mike Genovese, Tiffany Brouwer, Isaac C. Singleton Jr., Sebastian A. Jones, Spencer Hill, John Devoti, Sheena Chou, Lauren Mary Kim, Ashley Lambert",The USS Essex is travelling in the furthest reaches of the known Universe when it encounters a gigantic creature. After being pirates steal their cargo and most of their supplies the crew decide to capture the creature.,4.5,1374,,,
Hell Fest,Hell Fest,2018,2018-10-31,"Horror, Thriller",89,USA,English,Gregory Plotkin,"Cynthea Mercado, Stephen Conroy, Amy Forsyth, Reign Edwards, Bex Taylor-Klaus, Christian James, Matt Mercurio, Roby Attal, George Howard Adams, Courtney Dietz, Markus Silbiger, Michael Tourek, Tony Todd, Aaron Gillespie, Cecil Elmore Jr.","A masked serial killer turns a horror-themed amusement park into his own personal playground, terrorizing a group of friends while the rest of the patrons believe that it is all part of the show.",5.5,12863,$ 5500000,$ 11107431,$ 18159691
The Outsider,The Outsider,2018,2018-03-09,"Action, Crime, Drama",120,USA,"English, Japanese",Martin Zandvliet,"Jared Leto, Tadanobu Asano, Kippei Shîna, Shioli Kutsuna, Emile Hirsch, Ray Nicholson, Rory Cochrane, Nao Ohmori, Min Tanaka, Masaki Miura, Shun Sugata, Hiroya Shimizu, Hiro, Young Dais, Gô Jibiki",An epic set in post-WWII Japan and centered on an American former G.I. who joins the yakuza.,6.3,19548,,,$ 1869
Our House,Our House,2018,2018-07-27,"Drama, Horror, Mystery",90,"Canada, Germany, USA",English,Anthony Scott Burns,"John Ralston, Thomas Mann, Percy Hynes White, Lucius Hoyos, Allison Hossack, Kate Moyer, Nicola Peltz, Marcia Bennett, Robert B. Kennedy, Aaron Hale, Xavier de Guzman, Evan Marsh, Neil Whitely, Ryan Wilson, Magda Vasko","A young genius accidentally invents a device that amplifies the paranormal activity within his family's house, possibly bringing back the spirits of loved ones, and unleashing things far worse.",5.3,6333,,,$ 24039
Redcon-1,Redcon-1,2018,2018-09-28,"Action, Horror, Thriller",115,UK,English,Chee Keong Cheung,"Oris Erhuero, Carlos Gallardo, Mark Strange, Katarina Leigh Waters, Martyn Ford, Joshua Dickinson, Michael Sheehan, Akira Koieyama, Euan Macnaughton, Marc Baylis, Douglas Russell, Madeleine Kelly, Lyndsay Fielding, Robert Goodale, Jasmine Mitchell","After a deadly viral outbreak, an elite squad of special forces soldiers must infiltrate a quarantine zone to rescue a scientist who holds the only cure to save mankind.",4.2,2539,,,$ 213930
Pedro e Inês,Pedro e Inês,2018,2018-10-18,Drama,120,"Portugal, France, Brazil",Portuguese,António Ferreira,"Joana de Verona, Vera Kolodzig, Miguel Borges, Miguel Monteiro, João Lagarto, Custódia Gallego, Diogo Amaral, Cristovão Campos, Nuno Nolasco, Bárbara Queirós, Jorge Loureiro, Carlos Mendes, Cláudia Carvalho, Pedro Chau, Miguel Lança","Inspired by the true story of the Portuguese King Dom Pedro (fourteenth century), who unearthed his beloved to crown her queen after her death, Pedro and Ines recounts this unparalleled ...",6.4,363,EUR 1000000,,$ 213256
Delirium,Delirium,2018,2018-05-22,"Horror, Thriller",96,USA,English,Dennis Iliadis,"Genesis Rodriguez, Topher Grace, Patricia Clarkson, Callan Mulvey, Robin Thomas, Harry Groener, Daisy McCrackin, Jorge-Luis Pallo, Cody Sullivan, Braden Fitzgerald, Josh Harp","A man recently released from a mental institute inherits a mansion after his wealthy parents die. After a series of disturbing events, he comes to believe it is haunted.",5.7,6114,,,
Dirty Dealing 3D,Dirty Dealing 3D,2018,2018-06-19,Drama,90,USA,English,Christopher Robin Hood,"Michael Madsen, Frida Farrell, Ariana Madix, Madelon Lane, Patrice Hollis, Aneia Hamberg, C. Thomas Howell, Joshua Leary, Christopher Blewitt, Gabriel Burrafato, Paul X. Campanella, Randy Carels, Carla Chiron de la Casinière, Circus-Szalewski, John J. Encinio","Las Vegas. Any given Friday night. The girls of the Sin Pit at the Rapture Casino are the sexiest dealers in town pumping cards, piling chips and pushing dice at one of the hottest spots ...",3.8,186,,,
Il mistero della casa del tempo,The House with a Clock in Its Walls,2018,2018-10-31,"Comedy, Family, Fantasy",105,"USA, Canada, India",English,Eli Roth,"Jack Black, Cate Blanchett, Owen Vaccaro, Kyle MacLachlan, Renée Elise Goldsberry, Colleen Camp, Sunny Suljic, Lorenza Izzo, Braxton Bjerken, Vanessa Anne Williams, Ricky Muse, Charles Green, De'Jon Watts, Aaron Beelner, Joshua Phillips",A young orphan named Lewis Barnavelt aids his magical uncle in locating a clock with the power to bring about the end of the world.,6.0,43067,$ 42000000,$ 68549695,$ 131457147
Ricomincio da me,Second Act,2018,2019-01-24,"Comedy, Drama, Romance",103,USA,"English, Mandarin",Peter Segal,"Jennifer Lopez, Vanessa Hudgens, Leah Remini, Treat Williams, Milo Ventimiglia, Annaleigh Ashford, Charlyne Yi, Alan Aisenberg, Freddie Stroma, Dave Foley, Larry Miller, Dierdre Friel, Lacretta, Dan Bucatinsky, Dalton Harrod",A big box store worker reinvents her life and her life-story and shows Madison Avenue what street smarts can do.,5.8,21061,$ 16000000,$ 39282227,$ 72294066
Family Games,Family Games,2018,2018-06-11,"Comedy, Drama",72,USA,English,Suzuya Bobo,"Megan Boone, Larry Bryggman, Alison Fraser, Derek Cecil, Margaret Anne Florence, Ronald Catania",Sloane and her boyfriend Barrett return to her childhood home determined to ruin her father Roan's re-marriage. Family secrets surface and give rise to a puzzling future.,4.1,129,,,$ 671
Arizona,Arizona,2018,2018-08-24,"Comedy, Thriller",85,USA,English,Jonathan Watson,"Danny McBride, Rosemarie DeWitt, Lolli Sorenson, Luke Wilson, Elizabeth Gillies, Kaitlin Olson, David Alan Grier, Travis Hammer, Kevin Wiggins, Audrey Walters, Angelique Midthunder, Brett Cole, Vivian Nesbitt, Joe Berryman, Larry Glaister","Set in the midst of the 2009 housing crisis, this darkly comedic story follows Cassie Fowler, a single mom and struggling realtor whose life goes off the rails when she witnesses a murder.",5.7,6456,,,
Bhaiaji Superhit,Bhaiaji Superhit,2018,2018-11-23,"Action, Comedy, Drama",139,India,Hindi,Neeraj Pathak,"Sunny Deol, Preity Zinta, Arshad Warsi, Ameesha Patel, Shreyas Talpade, Jaideep Ahlawat, Sanjay Mishra, Brijendra Kala, Amit Mistry, Hemant Pandey, Mukul Dev, Pankaj Tripathi, Ranjeet, Ashmita Kaur Bakshi, Pankaj Jha",A goon tries to win his wife back by making a movie on their love story.,4.0,517,,,
Sei ancora qui - I Still See You,I Still See You,2018,2018-09-27,"Fantasy, Horror, Sci-Fi",98,USA,English,Scott Speer,"Bella Thorne, Richard Harmon, Dermot Mulroney, Amy Price-Francis, Shaun Benson, Louis Herthum, Thomas Elms, Sara Thompson, David Lawrence Brown, Hugh Dillon, Stephanie Moroz, Micah Kennedy, Marina Stephenson Kerr, Cassandra Potenza, Danika Frederick",Set ten years after an apocalyptic event that killed millions and left the world inhabited by ghosts.,5.8,7894,,$ 1359,$ 1620637
The Bromley Boys,The Bromley Boys,2018,2018-06-01,Comedy,106,UK,,Steve M Kelly,"Brenock O'Connor, Jamie Foreman, Alan Davies, Martine McCutcheon, Savannah Baker, TJ Herbert, Mark Dymond, Ewen MacIntosh, Adam Deacon, Gareth Hale, Ross Anderson, Danny Midwinter, Alex Woodhall, Tomi May, Anna Danshina",The true story of Sports' Greatest Underdog.,6.8,2681,$ 1500000,,$ 19996
A Boy Called Sailboat,A Boy Called Sailboat,2018,2019-05-06,"Comedy, Drama, Family",92,"USA, Australia","English, Spanish",Cameron Nugent,"J.K. Simmons, Keanu Wilson, Julian Atocani Sanchez, Noel Gugliemi, Elizabeth De Razzo, Jake Busey, Zeyah Pearson, Addison Pearson, Trevor Johnson, Waylon James Yurcic, Dara Werber-Raiter, Sebastian Castello, Tommy Pendleton, Lila Knadler, Alexander Hardesty","A Hispanic family find hope in their extraordinary son named Sailboat when a personal gesture awakens a global desire. Armed with a ""little guitar"", Sailboat leads an offbeat cast into the miraculous story of the greatest secret never told.",6.7,965,,,
Model Home,Model Home,2018,2018-08-25,"Drama, Horror, Mystery",82,USA,English,Patrick Cunningham,"Monique Gabriela Curnen, Kathy Baker, Luke Ganalon, Jon Jon Briones, Keram Malicki-Sánchez, Maree Cheatham, Jasper Cole, Victoria Cruz, Jill Jordan, Cici Lau, Sunny Vachher",A single mother entertains a dangerous fantasy after she's recruited to live in an unsold property in an empty development.,4.1,175,,,
