title,original_title,year,date_published,genre,duration,country,language,director,actors,description,avg_vote,votes,budget,usa_gross_income,worlwide_gross_income
La Telenovela Errante,La Telenovela Errante,2017,2018-09-06,"Comedy, Drama, Fantasy",80,Chile,Spanish,"Raoul Ruiz, Valeria Sarmiento","Luis Alarcón, Patricia Rivadeneira, Francisco Reyes, Consuelo Castillo, Roberto Poblete, Liliana García, Mauricio Pesutic, Leticia Garrido, Marcial Edwards, Fernando Bordeu, Maria Erica Ramos, Carlos Matamala, Marcela Arroyave, Mario Lorca, Roberto Chignoli","The film revolves around the concept of soap opera. Its structure is based on the assumption that Chilean reality does not exist, but rather is an ensemble of soap operas.",6.6,260,,$ 3624,$ 3624
Joe Finds Grace,Joe Finds Grace,2017,2018-03-20,"Animation, Adventure, Comedy",83,Canada,English,Anthony Harrison,"Anthony Harrison, C. Ernst Harth, Ellie Harvie, Chilton Crane, Ron Chartier, Dmitry Chepovetsky, Bruce Dawson, Rheta Hutton, Ivan Krapic, Johannah Newmarch, Murray Lowry, Shawn Bordoff, Paul McGillion, Trevor White, John R. Taylor",Simple-minded Joseph Briteman breaks a golden rule of his 'life skills' program when he walks away unsupervised to rescue his long lost baby sister.,8.8,264,,,
'77,'77,2017,2017-05-25,"Comedy, Drama",113,USA,English,Patrick Read Johnson,"John Francis Daley, Austin Pendleton, Colleen Camp, Neil Flynn, Steve Coulter, Emmi Chen, Katie Jeep, Justin Mentell, Gwen Kmiec, Mark Lorenz, Christopher McLinden, Caitlin Barlow, Ema Tuennerman, Eddie Kunz, Eric Miles","Alienated, hopeful-filmmaker Pat Johnson's epic story growing up in rural Illinois, falling in love, and becoming the first fan of the movie that changed everything.",6.1,304,,,
Bunyan and Babe,Bunyan and Babe,2017,2017-01-12,"Animation, Adventure, Comedy",84,"USA, India",English,Louis Ross,"John Goodman, Jeff Foxworthy, Kelsey Grammer, Johnny Orlando, Lola Wayne Villa, Kay Cole, Mark Hamill, Dorien Davies, Peter Chew, Jeremy Guskin, Dawnn Lewis, Tom Lowell, John D. Eraklis, Sandy Stone, Tony Bancroft","Travis and Whitney visit their grandparents and stumble upon the evil plan of a greedy land developer. Travis falls through a magical portal which transports him to the world of American hero, Paul Bunyan and his pet ox, Babe.",5.0,339,,,$ 72060
The Evil Within,The Evil Within,2017,2017-08-30,Horror,98,USA,English,Andrew Getty,"Sean Patrick Flanery, Dina Meyer, Frederick Koehler, Michael Berryman, Francis Guinan, Brianna Brown, Kim Darby, Matthew McGrory, Tim Bagley, Randy Sklar, Jason Sklar, Don Stanton, De Anna Joy Brooks, Greyson Turner, Linda S. Nelson","The sadistic tale of a lonely, mentally handicapped boy who befriends his reflection in an antique mirror. This demonic creature orders him to go on a murderous rampage to kill the people he loves most.",5.5,2914,$ 6000000,,
Sludge,Sludge,2017,2017-09-19,Horror,95,USA,English,Steve Taylor,"Wade Sullivan, Cynthia Calvert, Felissa Rose, Tiffany Shepis, Colleen Kelly, Chelsey Crisp, Victor Ratliff, Mark Elias, Anthony Connell, Sara Astin, Skyler Caleb, Rahul Chatterjee, Katherine Curcio, Nicole Dome, Michael Dunbar",A geology field trip into the remote Bear Claw wilderness area turns into a nightmare for a group of college students as they find themselves prey to a viscous man-beast the locals call The Shadow of Death.,4.8,277,,,
Wonder Woman,Wonder Woman,2017,2017-06-01,"Action, Adventure, Fantasy",141,"USA, China, Hong Kong","English, German, Dutch, French, Spanish, Chinese, Greek, Ancient (to 1453), North American Indian",Patty Jenkins,"Gal Gadot, Chris Pine, Connie Nielsen, Robin Wright, Danny Huston, David Thewlis, Saïd Taghmaoui, Ewen Bremner, Eugene Brave Rock, Lucy Davis, Elena Anaya, Lilly Aspell, Lisa Loven Kongsli, Ann Wolfe, Ann Ogbomo","When a pilot crashes and tells of conflict in the outside world, Diana, an Amazonian warrior in training, leaves home to fight a war, discovering her full powers and true destiny.",7.4,535903,$ 149000000,$ 412563408,$ 821847012
The Only Living Boy in New York,The Only Living Boy in New York,2017,2017-08-11,Drama,89,USA,English,Marc Webb,"Callum Turner, Jeff Bridges, Kate Beckinsale, Pierce Brosnan, Cynthia Nixon, Kiersey Clemons, Tate Donovan, Wallace Shawn, Anh Duong, Debi Mazar, Ben Hollandsworth, John Bolger, Bill Camp, Richard Bekins, Ryan Speakman","Adrift in New York City, a recent college graduate's life is upended by his father's mistress.",6.3,10875,,$ 624332,$ 2550321
Suburbicon,Suburbicon,2017,2017-12-06,"Comedy, Crime, Drama",105,"UK, USA, China",English,George Clooney,"Steve Monroe, Gavin Wilde, Landon Gordon, Hope Banks, Karimah Westbrook, James Handy, Mather Zickel, Josh Meyer, Vince Cefalu, Michael D. Cohen, Corey Allen Kotler, Leith M. Burke, Julianne Moore, Noah Jupe, Tony Espinosa","As a 1950s suburban community self-destructs, a home invasion has sinister consequences for one seemingly normal family.",5.7,39058,$ 25000000,$ 5775178,$ 12751667
La ragazza dei tulipani,Tulip Fever,2017,2018-09-06,"Drama, History, Romance",105,"UK, USA",English,Justin Chadwick,"Alicia Vikander, Dane DeHaan, Jack O'Connell, Holliday Grainger, Tom Hollander, Matthew Morrison, Kevin McKidd, Douglas Hodge, Joanna Scanlan, Zach Galifianakis, Judi Dench, Christoph Waltz, David Harewood, Alexandra Gilbreath, Cara Delevingne",An artist falls for a young married woman while he's commissioned to paint her portrait during the Tulip mania of seventeenth century Amsterdam.,6.2,17824,$ 25000000,$ 2455635,$ 9204549
"CHIPS, (dis)ordine pubblico",CHIPS,2017,2017-07-20,"Action, Comedy, Crime",100,USA,"English, Spanish",Dax Shepard,"Michael Peña, Dax Shepard, Vincent D'Onofrio, Rosa Salazar, Jessica McNamee, Adam Brody, Isiah Whitlock Jr., Richard T. Jones, Ryan Hansen, Jane Kaczmarek, Phil Tyler, Jess Rowland, Carly Hatter, Justin Chatwin, Vida Guerra","A rookie officer is teamed with a hardened pro at the California Highway Patrol, though the newbie soon learns his partner is really an undercover Fed investigating a heist that may involve some crooked cops.",6.0,41606,$ 25000000,$ 18600152,$ 26800152
The Ring 3,Rings,2017,2017-03-16,"Drama, Horror, Mystery",102,USA,English,F. Javier Gutiérrez,"Matilda Anna Ingrid Lutz, Alex Roe, Johnny Galecki, Vincent D'Onofrio, Aimee Teegarden, Bonnie Morgan, Se Oh, Patrick R. Walker, Zach Roerig, Laura Wiggins, Lizzie Brocheré, Karen Ceesay, Dave Blamy, Michael E. Sanders, Randall Taylor",A young woman finds herself on the receiving end of a terrifying curse that threatens to take her life in 7 days.,4.5,36918,$ 25000000,$ 27793018,$ 83080890
Krystal,Krystal,2017,2018-04-13,"Comedy, Drama",90,USA,English,William H. Macy,"Rosario Dawson, Nick Robinson, T.I., Grant Gustin, Felicity Huffman, William H. Macy, Jacob Latimore, Rick Fox, William Fichtner, Kathy Bates, Lazell Brown, Thomas Downing, Anna Elizabeth, Stephen Elliott, George Faughnan",A young man living a sheltered life develops a crush on an ex-stripper and joins her Alcoholics Anonymous group just so he can be in the same room with her.,5.4,1255,,$ 37516,$ 37516
Justice League,Justice League,2017,2017-11-16,"Action, Adventure, Fantasy",120,"USA, Canada, UK","English, Irish, Russian, Icelandic",Zack Snyder,"Ben Affleck, Henry Cavill, Amy Adams, Gal Gadot, Ezra Miller, Jason Momoa, Ray Fisher, Jeremy Irons, Diane Lane, Connie Nielsen, J.K. Simmons, Ciarán Hinds, Amber Heard, Joe Morton, Lisa Loven Kongsli","Fueled by his restored faith in humanity and inspired by Superman's selfless act, Bruce Wayne enlists the help of his new-found ally, Diana Prince, to face an even greater enemy.",6.3,371025,$ 300000000,$ 229024295,$ 681871991
Gunned Down,Gunned Down,2017,2017-07-17,"Action, Thriller",95,UK,English,Mark McQueen,"Craig Fairbrass, James Cosmo, Mem Ferda, Nick Moran, Steven Berkoff, Roland Manookian, Nathalie Cox, Tony Denham, Eddie Webber, George Russo, Frankie Fairbrass, Katie Clarkson-Hill, Lottie Lewis, Valentine Cawley, Eileen Nicholas",Armed robber and career criminal Jack Cregan seeks to discover the truth behind his father's murder and his stolen heist money and in doing so puts his life in danger. The devastation that ...,5.1,868,,,$ 47737
Cold Skin - La creatura di Atlantide,Cold Skin,2017,2017-10-20,"Fantasy, Horror, Sci-Fi",108,"Spain, France",English,Xavier Gens,"Ray Stevenson, David Oakes, Aura Garrido, Winslow M. Iwaki, John Benfield, Ben Temple, Iván González, Alejandro Rod, Julien Blaschke, Damián Montesdeoca, Israel Bodero, Luis Dyangani, Roberto Rincón Sánchez",A young man arrives at a remote island to take a post of weather observer only to find himself defending the watchtower from deadly creatures which live in the island shores.,6.0,11544,EUR 8500000,,$ 737478
2:22 - Il destino è già scritto,2:22,2017,2017-06-29,"Drama, Mystery, Sci-Fi",98,"Australia, USA",English,Paul Currie,"Michiel Huisman, Teresa Palmer, Sam Reid, John Waters, Kerry Armstrong, Richard Davies, Maeve Dermody, Remy Hii, Simone Kessell, Mitchell Butel, Barry Quin, Zara Michales, Nancy Denis, Duncan Ragg, Jessica Clarke","A man's life is derailed when an ominous pattern of events repeats itself in exactly the same manner every day, ending at precisely 2:22 p.m.",5.8,19143,,$ 422,$ 3945729
Basmati Blues,Basmati Blues,2017,2018-02-09,"Comedy, Musical, Romance",106,USA,English,Dan Baron,"Brie Larson, Utkarsh Ambudkar, Scott Bakula, Saahil Sehgal, Tyne Daly, Donald Sutherland, Lakshmi Manchu, Bugs Bhargava, Dalip Tahil, Suhasini Mulay, Kaizaad Kotwal, Jaswinder Singh Kambo, Asif Ali Baig, Karim Hajee, Prashant Prakash",A brilliant scientist is plucked out of the company lab and sent to India to sell the genetically modified rice she created - which she doesn't realize will destroy the farmers she thinks she's helping.,3.6,1668,,,$ 15605
Jeepers Creepers 3,Jeepers Creepers 3,2017,2017-11-02,"Action, Horror, Mystery",100,USA,English,Victor Salva,"Stan Shaw, Gabrielle Haugh, Brandon Smith, Meg Foster, Jordan Salloum, Chester Rushing, Jason Bayle, Ryan Moore, Michael Sirow, Joyce Giraud, Michael Papajohn, Cade Burk, Patrick Thomas Cragin, Justin Dwayne Hall, Frankie Smith",Sheriff Dan Tashtego and a team of creeper hunters enlist the help of officer Davis Tubbs to help stop the monster's eating spree.,3.9,16563,,$ 2335162,$ 4017852
Ana y Bruno,Ana y Bruno,2017,2018-08-31,"Animation, Adventure",96,Mexico,"English, Spanish",Carlos Carrera,"Galia Mayer, Silverio Palacios, Marina de Tavira, Damián Alcázar, Héctor Bonilla, Daniel Carrera, Regina Orozco, Álvaro Guerrero, Mauricio Isaac, Carlos Cobos, Alejandro Villeli, Sofia Alvarez, Arturo Reyes, Héctor Lee, Norma Angelica",An animated adventure about a young girl who seeks out her father in order to help save her troubled mother.,6.6,584,,,$ 976967
Ghost in the Shell,Ghost in the Shell,2017,2017-03-30,"Action, Crime, Drama",107,"USA, India, Hong Kong, China, Canada","English, Japanese",Rupert Sanders,"Scarlett Johansson, Pilou Asbæk, Takeshi Kitano, Juliette Binoche, Michael Pitt, Chin Han, Danusia Samal, Lasarus Ratuere, Yutaka Izumihara, Tawanda Manyimo, Peter Ferdinando, Anamaria Marinca, Daniel Henshall, Mana Hira Davis, Erroll Anderson","In the near future, Major Mira Killian is the first of her kind: A human saved from a terrible crash, who is cyber-enhanced to be a perfect soldier devoted to stopping the world's most dangerous criminals.",6.3,191536,$ 110000000,$ 40563557,$ 169801921
Retina,Retina,2017,2017,"Drama, Thriller",87,USA,English,Carlos Ferrer,"Lindsay Goranson, Gary Swanson, Ron Haxton, Ian Temple, Joshua Jenks, Jared Slade Goldman, Amber Bogdewiecz, Jamie Fedorko, Yves Claude, Christine Gonzalez, Ann Rickhoff, Sam D. Rivers, Sabrina Ferrer, Josh Malek, Sara Salerno","A young woman participates in a medical study. After a series of nightmares and unusual side effects, the line between dreams and reality is blurred. She finds herself on the run from those involved, desperate to uncover the truth.",5.2,540,,,$ 41280
Diverso come me,Same Kind of Different as Me,2017,2017-10-20,"Biography, Drama",119,USA,English,Michael Carney,"Greg Kinnear, Renée Zellweger, Djimon Hounsou, Jon Voight, Olivia Holt, Austin Filson, Geraldine Singer, Daniel Zacapa, Dana Gourrier, Thomas Francis Murphy, Ann Mahoney, Theodus Crane, David Dino Wells Jr., Pedro Lucero, Mary Hunter Johnston","International art dealer Ron Hall must befriend a dangerous homeless man in order to save his struggling marriage to his wife, a woman whose dreams will lead all three of them on the journey of their lives.",6.6,6064,$ 15000000,$ 6423605,$ 6423605
Death Note - Il quaderno della morte,Death Note,2017,2017-08-25,"Action, Adventure, Crime",101,USA,"English, Japanese, Spanish",Adam Wingard,"Nat Wolff, LaKeith Stanfield, Margaret Qualley, Shea Whigham, Willem Dafoe, Jason Liles, Paul Nakauchi, Jack Ettlinger, Matthew Kevin Anderson, Chris Britton, Timothy Lambert, Kwesi Ameyaw, Justin Stone, Christian Sloan, Artin John","A high school student named Light Turner discovers a mysterious notebook that has the power to kill anyone whose name is written within its pages, and launches a secret crusade to rid the world of criminals.",4.5,73728,,,
La scomparsa di Sidney Hall,Sidney Hall,2017,2018-03-02,"Drama, Mystery, Romance",119,USA,English,Shawn Christensen,"Logan Lerman, Elle Fanning, Kyle Chandler, Michelle Monaghan, Blake Jenner, Nathan Lane, Margaret Qualley, Yahya Abdul-Mateen II, Tim Blake Nelson, Janina Gavankar, Darren Pettie, Alex Karpovsky, Michael Chen, Avery Whitted, Ariane Rinehart","Sidney Hall finds accidental success and unexpected love at an early age, then disappears without a trace.",6.9,9122,,,
xXx - Il ritorno di Xander Cage,xXx: Return of Xander Cage,2017,2017-01-19,"Action, Adventure, Thriller",107,"China, Canada, USA","English, Spanish, Portuguese, Mandarin, Tagalog, Russian",D.J. Caruso,"Vin Diesel, Donnie Yen, Deepika Padukone, Kris Wu, Ruby Rose, Tony Jaa, Nina Dobrev, Rory McCann, Toni Collette, Samuel L. Jackson, Ice Cube, Hermione Corfield, Tony Gonzalez, Michael Bisping, Al Sapienza","Xander Cage is left for dead after an incident, though he secretly returns to action for a new, tough assignment with his handler Augustus Gibbons.",5.2,83629,$ 85000000,$ 44898413,$ 346118277
Sam - Un amore inaspettato,Sam,2017,2017-11-01,"Comedy, Fantasy, Romance",100,USA,English,Nicholas Brooks,"Natalie Knepp, Sean Kleier, Morgan Fairchild, Stacy Keach, James McCaffrey, Bryan Batt, Brock Harris, Sarah Scott, Tom Pelphrey, Joseph D'Onofrio, Lucille Sharp, Allie Schulz, Samantha Scaffidi, Sibyl Santiago, Marilyn Sokol","An alpha New York City male is magically transformed into a beautiful girl, falls in love, and learns what it means to be a woman.",5.1,779,,,
Locked Away,Locked Away,2017,2017-09-01,Horror,98,USA,English,Jason Morisette,"Travis Boswell, Ben Gordon, Meagan Eager, Jan Armbruster, J. Kevin O'Conner, Andy Dalton, Max Dardas, Tom Fuller, Matt Crews, Pat Neiman, John Caspers, Paul Walter Hauser, Christopher Howard, Alan Maxson, Tim Rooney","Michael Turner returns unexpectedly from the Iraq war to his small home town, a relieved family... and a legion of the undead. After his younger brother contributes in the accidental ...",4.4,117,$ 22000,,
Blood Honey,Blood Honey,2017,2017-09-01,"Drama, Mystery, Thriller",95,Canada,English,Jeff Kopas,"Shenae Grimes-Beech, Gil Bellows, Kenneth Mitchell, Don McKellar, Morgan Kelly, Scott McCord, Matt Gordon, Natalie Brown, Rosemary Dunsmore, Michael Hanrahan, Ellen-Ray Hennessy, Ava Preston, Luke McMillan, Krystal Hope Nausbaum","Tortured by the memory of a childhood trauma, a woman returns after a decade to her family's fly-in hunting lodge to assist her siblings with their dying father, only to find herself stuck in a life threatening nightmare.",4.8,527,$ 2000000,,
Shimmer Lake,Shimmer Lake,2017,2017-06-09,"Crime, Drama, Mystery",86,"Canada, USA",English,Oren Uziel,"Benjamin Walker, Rainn Wilson, Stephanie Sigman, John Michael Higgins, Mark Rendall, Rob Corddry, Ron Livingston, Wyatt Russell, Adam Pally, Matthew Evans Landry, Isabel Dove, Neil Whitely, Angela Vint, Julie Khaner, Pasqualina Cardu",An inventive crime thriller told backwards -- reversing day by day through a week -- following a local sheriff's quest to unlock the mystery of three small town criminals and a bank heist gone wrong.,6.2,10968,,,
Downsizing - Vivere alla grande,Downsizing,2017,2018-01-25,"Drama, Sci-Fi",135,"USA, Norway","English, Spanish, Norwegian, French, Korean, Greek, Vietnamese",Alexander Payne,"Matt Damon, Christoph Waltz, Hong Chau, Kristen Wiig, Rolf Lassgård, Ingjerd Egeberg, Udo Kier, Søren Pilmark, Jason Sudeikis, Maribeth Monroe, Jayne Houdyshell, Phil Reeves, James Van Der Beek, Alison J. Palmer, Tim Driscoll","A social satire in which a man realizes he would have a better life if he were to shrink himself to five inches tall, allowing him to live in wealth and splendor.",5.7,95518,$ 68000000,$ 24449754,$ 55003890
It,It,2017,2017-10-19,Horror,135,"Canada, USA","English, Hebrew",Andy Muschietti,"Jaeden Martell, Jeremy Ray Taylor, Sophia Lillis, Finn Wolfhard, Chosen Jacobs, Jack Dylan Grazer, Wyatt Oleff, Bill Skarsgård, Nicholas Hamilton, Jake Sim, Logan Thompson, Owen Teague, Jackson Robert Scott, Stephen Bogaert, Stuart Hughes","In the summer of 1989, a group of bullied kids band together to destroy a shape-shifting monster, which disguises itself as a clown and preys on the children of Derry, their small Maine town.",7.3,442715,$ 35000000,$ 328828874,$ 701796444
Tavolo 19,Table 19,2017,2017-06-01,"Comedy, Drama, Romance",87,USA,English,Jeffrey Blitz,"Anna Kendrick, Rya Meyers, Charles Green, Lisa Kudrow, Craig Robinson, Tony Revolori, Margo Martindale, Stephen Merchant, Carlos Aviles, June Squibb, Brad Oberhofer, Megan Lawless, Amanda Crew, Jay Klaitz, Wyatt Russell","Eloise, having been relieved of maid of honor duties after being unceremoniously dumped by the best man via text, decides to attend the wedding anyway, only to find herself seated with five fellow unwanted guests at the dreaded Table 19.",5.8,25512,$ 5000000,$ 3614896,$ 5042014
Truth,Truth,2017,2017-11-28,"Drama, History, Thriller",80,USA,English,"Dianna Collett, Paul Collett","Heather Fields, Alan Collett, Libby Clearfield, Dianna Collett, Vaz Andreas, Dylan Mooney, Tammy Massa, Ron Hajak",A terrorist cell takes three Americans hostage and threatens to expose a secret that will shatter America's soul.,7.0,514,$ 150000,,
Kidnap,Kidnap,2017,2017-08-04,"Action, Crime, Drama",95,USA,English,Luis Prieto,"Halle Berry, Sage Correa, Chris McGinn, Lew Temple, Jason George, Christopher Berry, Arron Shiver, Kurtis Bedford, Carmella Riley, Brice Fisher, Jennie Ventriss, Timothy Fannon, Andy Wagner, Malea Rose, Jill E. Alexander",A mother stops at nothing to recover her kidnapped son.,5.9,32897,$ 21000000,$ 30971040,$ 34814102
Baywatch,Baywatch,2017,2017-06-01,"Action, Comedy, Crime",116,"UK, China, USA","English, Spanish",Seth Gordon,"Dwayne Johnson, Zac Efron, Priyanka Chopra, Alexandra Daddario, Kelly Rohrbach, Ilfenesh Hadera, Jon Bass, Yahya Abdul-Mateen II, Hannibal Buress, Rob Huebel, Amin Joseph, Jack Kesy, Oscar Nuñez, David Hasselhoff, Pamela Anderson","Devoted lifeguard Mitch Buchannon butts heads with a brash new recruit, as they uncover a criminal plot that threatens the future of the bay.",5.5,156266,$ 69000000,$ 58060186,$ 177856751
The Greatest Showman,The Greatest Showman,2017,2017-12-25,"Biography, Drama, Musical",105,USA,English,Michael Gracey,"Hugh Jackman, Michelle Williams, Zac Efron, Zendaya, Rebecca Ferguson, Austyn Johnson, Cameron Seely, Keala Settle, Sam Humphrey, Yahya Abdul-Mateen II, Eric Anderson, Ellis Rubin, Skylar Dunn, Daniel Everidge, Radu Spinghel",Celebrates the birth of show business and tells of a visionary who rose from nothing to create a spectacle that became a worldwide sensation.,7.6,226510,$ 84000000,$ 174340174,$ 435086403
Quando arriva l'amore,All I Wish,2017,2018-03-30,"Comedy, Drama, Romance",94,USA,English,Susan Walter,"Sharon Stone, Tony Goldwyn, Ellen Burstyn, Liza Lapira, Jason Gibson, Caitlin FitzGerald, Gilles Marini, Famke Janssen, Erica Ash, Leonor Varela, Yvonne Jung, D.G. Guyer, Ryan Lochte, Matthew Broussard, Jose Navarro","An aspiring fashion designer struggles to find success and love. The story cuts into her life once a year, always on the same date: her birthday.",5.1,1227,,,$ 197734
The Tribes of Palos Verdes,The Tribes of Palos Verdes,2017,2017-12-01,Drama,104,USA,English,"Brendan Malloy, Emmett Malloy","Maika Monroe, Cody Fern, Jennifer Garner, Justin Kirk, Noah Silver, Alex Neustaedter, Thomas Cocquerel, Milo Gibson, Brice Fisher, Joely Fisher, Elisabeth Röhm, Alicia Silverstone, Stevie Lynn Jones, Alex Knost, Goran Visnjic","When the situation at her idyllic Palos Verdes home turns volatile, young Medina attempts to surf her way to happiness.",5.8,2119,,$ 11603,$ 11603
Seven Sisters,What Happened to Monday,2017,2017-11-30,"Action, Adventure, Crime",123,"UK, France, USA, Belgium",English,Tommy Wirkola,"Noomi Rapace, Glenn Close, Willem Dafoe, Marwan Kenzari, Christian Rubeck, Pål Sverre Hagen, Tomiwa Edun, Cassie Clare, Cameron Jack, Clara Read, Kirsty Averton, Lucy Pearson, Nadiv Molcho, Elijah Ungvary, Vegar Hoel","In a world where families are limited to one child due to overpopulation, a set of identical septuplets must avoid being put to a long sleep by the government and dangerous infighting while investigating the disappearance of one of their own.",6.9,99407,,,$ 27975429
La voce della pietra,Voice from the Stone,2017,2017-04-28,"Drama, Mystery, Thriller",94,"USA, Italy","English, Italian",Eric D. Howell,"Emilia Clarke, Marton Csokas, Caterina Murino, Remo Girone, Lisa Gastoni, Edward Dring, Duccio Camerini, Nicole Cadeddu, Antonella Britti, Giampiero Judica, Kate Linder","Set in 1950s Tuscany, Voice from the Stone is the haunting and suspenseful story of Verena, a solemn nurse drawn to aid a young boy who has fallen silent since the sudden passing of his mother.",5.2,10151,,,$ 87273
Breath,Breath,2017,2018-05-03,"Drama, Romance, Sport",115,Australia,English,Simon Baker,"Samson Coulter, Ben Spence, Simon Baker, Elizabeth Debicki, Richard Roxburgh, Rachael Blake, Miranda Frangou, Jacek Koman, Brock Fitzgerald, Jed Mitchell, Megan Smart, Austin Taylor, Zev Eleftheriou, Geoff Coughlan, Ron Hohol","After developing an interest in surfing, a teenage boy and his friend forge an unlikely friendship with an older surfer.",6.7,2488,,$ 37108,$ 3322479
The Foreigner,The Foreigner,2017,2017-09-30,"Action, Thriller",113,"UK, China, USA, India","English, Mandarin",Martin Campbell,"Katie Leung, Jackie Chan, Rufus Jones, Mark Tandy, John Cronin, Caolan Byrne, Donna Bernard, Aaron Monaghan, Niall McNamee, Pierce Brosnan, Charlie Murphy, Orla Brady, Lia Williams, Michael McElhatton, David Pearse","A humble businessman with a buried past seeks justice when his daughter is killed in an act of terrorism. A cat-and-mouse conflict ensues with a government official, whose past may hold clues to the killers' identities.",7.0,96216,$ 35000000,$ 34393507,$ 145417936
La mélodie,La mélodie,2017,2017-11-08,"Comedy, Drama, Music",102,France,French,Rachid Hami,"Kad Merad, Samir Guesmi, Alfred Renely, Jean-Luc Vincent, Tatiana Rojo, Slimane Dazi, Mathieu Spinosi, Zakaria-Tayeb Lazab, Youssouf Gueye, Mouctar Diawara, Shirel Nataf, Anaïs Meiringer, Amine Chir, Claudine Vinasithamby, Idaya Haddouche",A violinist looks to inspire his students at a challenging music school.,6.5,643,,,$ 957355
Scary Story Slumber Party,Scary Story Slumber Party,2017,2017-01-17,"Horror, Thriller",76,USA,English,"John Johnson, Jonathan Moody","Faron Brown, Russell A. Bryan, Takiah Coleman, Brittany Colley, Henry D'Alonzo, Lauren Dawson, Lauren Dawson, Jessica Dole, Heather Dorff, Jay Gates, Jackey Hall, Sierra Holmes, Sarah Kaminski, Casey Lane, Rachael Lang",3 friends gather together to throw an old fashion Slumber Party like they did in the old days. They begin to tell each other scary stories to liven up the fun. But the fun is leading to something a bit more sinister.,2.8,118,$ 5000,,
La torre nera,The Dark Tower,2017,2017-08-10,"Action, Adventure, Fantasy",95,USA,English,Nikolaj Arcel,"Matthew McConaughey, Idris Elba, Tom Taylor, Dennis Haysbert, Ben Gavin, Claudia Kim, Jackie Earle Haley, Fran Kranz, Abbey Lee, Katheryn Winnick, Nicholas Pauling, Michael Barbieri, José Zúñiga, Nicholas Hamilton, Inge Beckmann",A boy haunted by visions of a dark tower from a parallel reality teams up with the tower's disillusioned guardian to stop an evil warlock known as the Man in Black who plans to use the boy to destroy the tower and open the gates of Hell.,5.6,123916,$ 60000000,$ 50701325,$ 113231078
Vi presento Christopher Robin,Goodbye Christopher Robin,2017,2017-11-10,"Biography, Drama",107,UK,English,Simon Curtis,"Vicki Pepperdine, Margot Robbie, Domhnall Gleeson, Will Tilston, Alex Lawther, Stephen Campbell Moore, Richard McCabe, Geraldine Somerville, Mossie Smith, Stanley Hamlin, Kelly Macdonald, Dexter Hyman, Sonny Hyman, Phoebe Waller-Bridge, Sam Barnes","The relationship between writer AA Milne and his son, Christopher Robin, and how this became the inspiration for Winnie the Pooh.",7.1,23879,,$ 1735251,$ 7401949
All Eyez on Me,All Eyez on Me,2017,2017-09-07,"Biography, Drama, Music",139,USA,English,Benny Boom,"Demetrius Shipp Jr., Danai Gurira, Kat Graham, Hill Harper, Annie Ilonzeh, Lauren Cohan, Keith Robinson, Jamal Woolard, Dominic L. Santana, Cory Hardrict, Clifton Powell, Jamie Hector, Deray Davis, Chris Clarke, Money-B","Tells the true and untold story of prolific rapper, actor, poet and activist Tupac Shakur.",5.8,20641,$ 40000000,$ 44922302,$ 55668698
Chesil Beach - Il segreto di una notte,On Chesil Beach,2017,2018-11-15,"Drama, Music, Romance",110,UK,English,Dominic Cooke,"Billy Howle, Saoirse Ronan, Andy Burse, Rasmus Hardiker, Anne-Marie Duff, Adrian Scarborough, Mia Burgess, Anna Burgess, Emily Watson, Bebe Cave, Samuel West, John Ramm, Barney Iley, Mark Donald, Imogen Daines","Based on Ian McEwan's novel. In 1962 England, a young couple find their idyllic romance colliding with issues of sexual freedom and societal pressure, leading to an awkward and fateful wedding night.",6.3,9262,,$ 745971,$ 3335913
An American in Texas,An American in Texas,2017,2017-10-13,"Crime, Drama, Music",97,"USA, Poland, Norway",English,Anthony Pedone,"Barry Corbin, Tony Cavalero, James Paxton, Quinton Aaron, J.R. Villarreal, Keith Jardine, Charlotte Best, David Sullivan, Annie Cavalero, David Yow, Joe Stevens, Sam Dillon, Christopher Matthew Cook, Jello Biafra, Maggie Wagner","Based on a true story, and set in late 1990 against the backdrop of the first gulf war, An American in Texas is the story of lifelong friends as they reach the cusp of adulthood and must ...",5.0,183,,,
The Stolen,The Stolen,2017,2017-11-03,"Action, Adventure, Drama",98,"UK, Germany, United Arab Emirates, New Zealand","Spanish, Chinese, English, Maori, French",Niall Johnson,"Alice Eve, Jack Davenport, Graham McTavish, Richard O'Brien, Cohen Holloway, Gillian MacGregor, Stig Eldred, Lukas Hinch, Stan Walker, Mikaela Rüegg, Glen Levy, Emily Corcoran, Grayson Hunt Urwin, Herbie Berger, William DuFresne","The story of a woman who must find her kidnapped son, navigating a world she doesn't know, on the edge of danger with every heartbeat.",5.2,1049,$ 4000000,,$ 27741
Prima di domani,Before I Fall,2017,2017-07-19,"Drama, Fantasy, Mystery",98,USA,English,Ry Russo-Young,"Zoey Deutch, Halston Sage, Logan Miller, Kian Lawley, Elena Kampouris, Cynthy Wu, Medalion Rahimi, Erica Tremblay, Liv Hewson, Diego Boneta, Jennifer Beals, Nicholas Lea, Chelsea Gill, Roan Curtis, Claire Margaret Corlett","February 12 is just another day in Sam's charmed life, until it turns out to be her last. Stuck reliving her last day over and over, Sam untangles the mystery around her death and discovers everything she's losing.",6.4,44619,$ 5000000,$ 12241122,$ 16373843
Blood Redd,Blood Redd,2017,2017-03-10,Horror,90,USA,English,Brad Palmer,"Stephanie Hullar, Torey Widener, Julie Marie Hassett, Christopher Frainza, Peggy Ivene, Hayley O'Connor, Sean Pritchett, Michael Teh, Viktoria Holodryha, Chanel Downey, Samantha Hendy, Jodi Dennithorne, Rhoda Pell, Renata Gheller, Sayda Alvarez","Mortimer Clark, a forensic pathologist finds himself autopsying yet another teenage girl's body ravaged and torn by a large canine. The girls all have been slain on the full moon. A ...",2.9,167,,,
Souleater,Souleater,2017,2017-01-17,Horror,86,USA,English,Michael Lang,"Tony Armer, Johnathan Ball, Loren Blackwell, Joe Davison, Peter Hooten, Wendi Hughes, Brian Kahrs, Don Knight, David Koepfinger, Desilyn McKeage, Gavin Roache, Thomas Noel Smith, Nathan Stevic, Kerri Stringer, Kelly Sullivan","In a small Florida town, the inhabitants are mysteriously disappearing. A hard core biker arrives in search of his missing daughter. He learns that a malignant force from another dimension,...",4.0,125,$ 100000,,
Il giovane Karl Marx,Le jeune Karl Marx,2017,2018-04-05,"Biography, Drama, History",118,"France, Germany, Belgium","German, French, English",Raoul Peck,"August Diehl, Stefan Konarske, Vicky Krieps, Olivier Gourmet, Hannah Steele, Alexander Scheer, Hans-Uwe Bauer, Michael Brandner, Ivan Franek, Peter Benedict, Niels-Bruno Schmidt, Marie Meinzenbach, Wiebke Adam, Aran Bert, Ronald Beurms","The early years of Karl Marx, Friedrich Engels and Jenny Marx, between Paris, Brussels and London.",6.6,5468,EUR 9500000,$ 125659,$ 4870373
Trafficked,Trafficked,2017,2020-03-02,"Drama, Thriller",104,USA,English,Will Wallace,"Brian Thompson, Anne Archer, Ashley Judd, Elisabeth Röhm, Sean Patrick Flanery, Courtney Gains, Jason London, Patrick Duffy, Madison Wolfe, Efren Ramirez, Clayton Hoff, Amiah Miller, Kelly Washington, Matt Doran, Hina X. Khan","In this story inspired by real characters, three girls from America, Nigeria and India are trafficked through an elaborate global network and enslaved in a Texas brothel, and must together attempt a daring escape to reclaim their freedom.",5.7,1136,,$ 19698,$ 19698
Beyond Skyline,Beyond Skyline,2017,2017,"Action, Adventure, Sci-Fi",106,"USA, Canada, Indonesia, UK, China, Singapore","English, Indonesian",Liam O'Donnell,"Frank Grillo, Bojana Novakovic, Jonny Weston, Callan Mulvey, Antonio Fargas, Pamelyn Chee, Yayan Ruhian, Jacob Vargas, Iko Uwais, Lindsey Morgan, Samantha Jean, Betty Gabriel, Noel Gugliemi, Kevin O'Donnell, Zarah Mahler",A tough-as-nails detective embarks on a relentless pursuit to free his son from a nightmarish alien warship.,5.3,17774,$ 14000000,,$ 992181
Het Tweede Gelaat,Het Tweede Gelaat,2017,2017-10-25,"Action, Crime, Drama",127,Belgium,Dutch,Jan Verheyen,"Koen De Bouw, Werner De Smedt, Greg Timmermans, Sofie Hoflack, Marcel Hensema, Hendrik Aerts, Ikram Aoulad, Jurgen Delnaet, Chris van den Durpel, Hilde Heijnen, Travis Oliver, Jasmine Jaspers, Tom Magnus, Greet Verstraete, Kadèr Gürbüz",The once unconditional friendship between police officers Vincke and Verstuyft hits a very rough patch when they come up against a series of gruesome murders. Complicating matters even ...,6.4,1093,,,
La signora dello zoo di Varsavia,The Zookeeper's Wife,2017,2017-11-16,"Biography, Drama, History",127,"Czech Republic, UK, USA","English, German, Hebrew",Niki Caro,"Jessica Chastain, Johan Heldenbergh, Daniel Brühl, Timothy Radford, Efrat Dor, Iddo Goldberg, Shira Haas, Michael McElhatton, Val Maloku, Martha Issová, Daniel Ratimorský, Frederick Preston, Theo Preston, Viktoria Zakharyanova, Goran Kostic","Keepers of the Warsaw Zoo, Antonina and Jan Zabinski, must save hundreds of people and animals during the Nazi invasion in WWII Poland.",7.0,37379,$ 20000000,$ 17571660,$ 26152835
Codice Unlocked,Unlocked,2017,2017-05-04,"Action, Drama, Mystery",98,"Czech Republic, Switzerland, UK, USA, France","English, Arabic, German",Michael Apted,"Noomi Rapace, Orlando Bloom, Toni Collette, John Malkovich, Michael Douglas, Matthew Marsh, Makram Khoury, Brian Caspe, Philip Brodie, Tosin Cole, Michael Epp, Tom Reed, Raffaello Degruttola, Kevin Shen, Aymen Hamdouchi",A CIA interrogator is lured into a ruse that puts London at risk of a biological attack.,6.2,28056,,,$ 4699125
Mesteren,Mesteren,2017,2017-03-02,Drama,94,"Denmark, Norway, Czech Republic","Danish, Norwegian",Charlotte Sieling,"Søren Malling, Jakob Oftebro, Ane Dahl Torp, Sus Wilkins, Søren Pilmark, Thomas Hwan, Marie-Lydie Melono Nokouda, Evrim Benli, Simon Bennebjerg, Jessica Dinnage, Anna Linhartová, Elias Bauer, Marta Dancingerová, Mathias Rahbæk, Jack Bohr-Christensen","Simon is the king of the Danish art scene - eccentric, successful, wealthy, with a beautiful wife and a young mistress. Life is beautiful, until the day his unknown son Casper turns up and ...",6.2,543,,,$ 8184
Qua la zampa!,A Dog's Purpose,2017,2017-01-19,"Adventure, Comedy, Drama",100,"USA, India",English,Lasse Hallström,"Josh Gad, Dennis Quaid, Peggy Lipton, Bryce Gheisar, K.J. Apa, Juliet Rylance, Luke Kirby, Gabrielle Rose, Michael Bofshever, Britt Robertson, Logan Miller, Kirby Howell-Baptiste, Pooch Hall, John Ortiz, Nicole LaPlaca",A dog looks to discover his purpose in life over the course of several lifetimes and owners.,7.2,63485,$ 22000000,$ 64508620,$ 205736628
L'uomo di neve,The Snowman,2017,2017-10-12,"Crime, Drama, Mystery",119,"UK, USA, China, Sweden, Japan","English, Russian",Tomas Alfredson,"Michael Fassbender, Rebecca Ferguson, Charlotte Gainsbourg, Jonas Karlsson, Michael Yates, Ronan Vibert, J.K. Simmons, Val Kilmer, David Dencik, Toby Jones, Genevieve O'Reilly, James D'Arcy, Jeté Laurence, Adrian Dunbar, Chloë Sevigny",Detective Harry Hole investigates the disappearance of a woman whose scarf is found wrapped around an ominous-looking snowman.,5.1,56719,$ 35000000,$ 6700035,$ 43155261
Wilson,Wilson,2017,2017-04-20,"Comedy, Drama",94,USA,English,Craig Johnson,"Woody Harrelson, Sandra Lee-Oian Thomas, Shaun J. Brown, James Robert Miller, Brett Gelman, Mary Lynn Rajskub, Judy Greer, Toussaint Morrison, Andrew Hawtrey, Richard Ooms, Shawn J. Hamilton, Tonita Castro, David Warshofsky, Lauren Weedman, Kimora Collins","A lonely, neurotic, and hilariously honest middle-aged man reunites with his estranged wife, and meets his teenage daughter for the first time.",5.8,9725,,$ 653951,$ 848646
McDick,McDick,2017,2017-10-07,Comedy,90,USA,English,Chris McDonnell,"Chris McDonnell, Mo Collins, Peter Breitmayer, Danny Trejo, Amanda Conlon, Sanjay Malhotra, Brandon Motherway, Zachary Wobensmith, Emily Loeb, Casey Webb, Greg Georgiou, Al Nazemian, David Bianchi, Justin Eberle, Kelvin Hale","There was this scientist, right? And he was super smart, like im talking inter dimensional smart, so anyways, he turned, and get this, he turned HIMSELF into a FRICKIN PICKLE, funniest shit ive ever seen",4.1,108,,,
An Ordinary Man,An Ordinary Man,2017,2018-04-13,"Drama, Thriller, War",90,"Serbia, USA",English,Brad Silberling,"Ben Kingsley, Hera Hilmar, Peter Serafinowicz, Robert Blythe, Bojan Bajcetic, Slavisa Curovic, Vladimir Cvejic, Bojan Hlisc, Milorad Kapor, Edmund Kingsley, Igor Kovacevic, Aleksandar Lazic, Miodrag Milovanov, Mladen Nikolic, Slobodan 'Boda' Ninkovic","A war criminal in hiding forms a relationship with his only connection to the outside world, his maid.",5.4,1594,$ 6000000,,
The Vault - Nessuno è al sicuro,The Vault,2017,2017-09-01,"Crime, Horror, Mystery",91,USA,English,Dan Bush,"James Franco, Scott Haze, Taryn Manning, Francesca Eastwood, Q'orianka Kilcher, Jeff Gum, Clifton Collins Jr., Keith Loneker, Jill Jane Clements, Michael Milford, Debbie Sherman, Conal Byrne, Lee Broda, Aleksander Vayshelboym, Anthony DiRocco",Two estranged sisters are forced to rob a bank in order to save their brother. But this is no ordinary bank.,4.8,11776,$ 5000000,$ 5728,$ 346729
Haunted Maze,Haunted Maze,2017,2017-01-01,"Horror, Thriller",88,USA,English,Susan Engel,"David Mingrino, John Beasley, Delaney Driscoll, Brian Krause, Charles Hoyes, Susan Engel, Victoria Blackburn, Miranda Johnson, Troy Daniel Smith, Shane Staiger, Debbie Fortner, Cecilianna Arriola, Danielle Leuschen, Emily Dornbusch, Dylan Santos","Clancy and his carnival of misfits, roll into a sleepy mid-western town for their annual Halloween festival. Some are looking for a good time. Clancy has something else on his mind.",3.6,110,,,
Pirati dei Caraibi - La vendetta di Salazar,Pirates of the Caribbean: Dead Men Tell No Tales,2017,2017-05-24,"Action, Adventure, Fantasy",129,"USA, Australia, UK, Canada","English, Spanish","Joachim Rønning, Espen Sandberg","Johnny Depp, Javier Bardem, Geoffrey Rush, Brenton Thwaites, Kaya Scodelario, Kevin McNally, Golshifteh Farahani, David Wenham, Stephen Graham, Angus Barnett, Martin Klebba, Adam Brown, Giles New, Orlando Bloom, Keira Knightley",Captain Jack Sparrow is pursued by old rival Captain Salazar and a crew of deadly ghosts who have escaped from the Devil's Triangle. They're determined to kill every pirate at sea...notably Jack.,6.6,254613,$ 230000000,$ 172558876,$ 794878815
Spreading Darkness,Spreading Darkness,2017,2017-11-14,"Action, Crime, Drama",101,USA,English,Josh Eisenstadt,"Eric Roberts, John Savage, James Duval, Dominique Swain, Rena Riffel, Louis Mandylor, Musetta Vander, Shayla Beesley, Robert Donavan, Tara Cardinal, Irene Bedard, Robert Davi, Brian Graves, Andrew Lauer, Nataliya Joy Prieto",A corrupt CEO grows increasingly paranoid he is being stalked by his former victims and a psychiatrist who rewards patients with pink socks.,3.5,124,,,
Golmaal Again,Golmaal Again,2017,2017-10-20,"Action, Comedy, Fantasy",140,India,Hindi,Rohit Shetty,"Ajay Devgn, Arshad Warsi, Tabu, Shreyas Talpade, Tusshar Kapoor, Kunal Khemu, Parineeti Chopra, Neil Nitin Mukesh, Prakash Raj, Johnny Lever, Sanjay Mishra, Mukesh Tiwari, Uday Tikekar, Vrajesh Hirjee, Nana Patekar",The gang encounters with some spiritual bodies and finds out the truth about the Jamnadas Orphanage where they were brought up.,5.0,7881,,$ 1013893,$ 2058098
Blade Runner 2049,Blade Runner 2049,2017,2017-10-05,"Action, Drama, Mystery",164,"USA, UK, Hungary, Canada, Spain","English, Finnish, Japanese, Hungarian, Russian, Somali, Spanish",Denis Villeneuve,"Ryan Gosling, Dave Bautista, Robin Wright, Mark Arnold, Vilma Szécsi, Ana de Armas, Wood Harris, David Dastmalchian, Tómas Lemarquis, Sylvia Hoeks, Edward James Olmos, Jared Leto, Sallie Harmsen, Hiam Abbass, Mackenzie Davis","Young Blade Runner K's discovery of a long-buried secret leads him to track down former Blade Runner Rick Deckard, who's been missing for thirty years.",8.0,440890,$ 150000000,$ 92054159,$ 259239658
Khibula,Khibula,2017,2017-11-15,Drama,97,"Georgia, France, Germany","Georgian, Russian",George Ovashvili,"Lika Babluani, Hossein Mahjoub, Zurab Antelava, Lidia Chilashvili, Galoba Gambaria, Nodar Dzidziguri, Manuchar Shervashidze, Qishvard Manvelishvili","After being deposed in coup, the president of a newly independent country flees to mountains with a group of supporters sure that he will regain the power to lead his people.",5.5,120,$ 1700000,,
Mistero a Crooked House,Crooked House,2017,2017-10-31,"Crime, Drama, Mystery",115,"UK, USA",English,Gilles Paquet-Brenner,"Max Irons, Stefanie Martini, Glenn Close, Honor Kneafsey, Christina Hendricks, Terence Stamp, Julian Sands, Gillian Anderson, Christian McKay, Amanda Abbington, Preston Nyman, John Heffernan, Jenny Galloway, David Kirkbride, Tina Gray","In Agatha Christie's most twisted tale, a spy-turned-private-detective is lured by his former lover to catch her grandfather's murderer before Scotland Yard exposes dark family secrets.",6.3,16894,,,$ 3682156
Insomnium,Insomnium,2017,2019-06-18,"Horror, Mystery, Thriller",81,USA,English,Scott Powers,"Brad Pennington, Clint Browning, Gena Shaw, Larena Reyna, Leon Shparaga, Alexandra Lavrova, Brian Julian, Barbara Gruen, Sae Imai, Mikel Mansour, Violeta Mallmann, Lori Ann Fuller","As George investigates his roommate's increasingly disturbing nocturnal behavior, he suspects that his friend has become possessed by a dark entity.",4.6,322,,,
Kodachrome,Kodachrome,2017,2018-04-20,Drama,105,"Canada, USA",English,Mark Raso,"Ed Harris, Jason Sudeikis, Elizabeth Olsen, Bruce Greenwood, Wendy Crewson, Dennis Haysbert, Gethin Anthony, Bill Lake, Rob Stewart, Vladimir Jon Cubrt, Al Mukadam, Sebastian Pigott, Sebastian MacLean, Paolo Mancini, Elena Juatco","Set during the final days of the admired photo development system known as Kodachrome, a father and son hit the road in order to reach the Kansas photo lab before it closes its doors for good.",6.8,10904,,,$ 70149
Battlecreek,Battlecreek,2017,2017-11-03,"Drama, Romance",97,USA,English,Alison Eastwood,"Bill Skarsgård, Paula Malcomson, Claire van der Boom, Delroy Lindo, Toby Hemingway, Dana Powell, Amye Gousset, Jordan Salloum, Jeremy Sande, Susan McPhail, Bill Luckett, Cotton Yancey, Elise Fyke, Buck Holland, Douglas Cunningham","Henry is a loner and a night owl. His rare skin disease has kept him under the close watch of his fiery mother, who has sheltered him his entire life. One night, a young woman's car breaks down and Henry's life will change forever.",5.7,860,,$ 42884,
Realms,Realms,2017,2019-07-26,"Horror, Mystery",90,"Thailand, USA, Malaysia",,Daric Gates,"Ryan Kelley, Madison McKinley, Praya Lundberg, Pichaya Nitipaisalkul, Air Phantila","Two American bank robbers and their three local hostages take shelter in a mysterious manor in the woods. As the hostages try to escape, they all begin to realize no one is safe from the evil lurking inside the house.",3.6,999,$ 2000000,$ 147,$ 22443
Amore inaspettato,Blind,2017,2017-08-24,"Drama, Romance",98,USA,English,Michael Mailer,"Alec Baldwin, Demi Moore, Steven Prescod, Eden Epstein, Dylan McDermott, James McCaffrey, Viva Bianca, Drew Moerlein, John Buffalo Mailer, Gerardo Rodriguez, Chloe Goutal, Valence Thomas, Jabari Gray, Rae Ritke, Dorothy Lyman",A novelist blinded in a car crash which killed his wife rediscovers his passion for both life and writing when he embarks on an affair with the neglected wife of an indicted businessman.,5.8,3436,$ 2500000,$ 12522,$ 98280
Overdrive,Overdrive,2017,2017-08-23,"Action, Thriller",93,"France, Belgium, USA","English, French",Antonio Negret,"Scott Eastwood, Freddie Thorp, Ana de Armas, Gaia Weiss, Simon Abkarian, Clemens Schick, Abraham Belaga, Kaaris, Mars Bezot, Magne-Håvard Brekke, Joshua Fitoussi, Pierre-Marie Mosconi, Frédéric Anscombre, Mehdi Salem, Anaïs Monory","Two car thief brothers, who journey to the south of France for new opportunities, wind up in the cross hairs of the local crime boss.",5.4,12327,EUR 24340000,$ 7793,$ 9650552
Amityville: Il risveglio,Amityville: The Awakening,2017,2017-08-24,"Horror, Thriller",85,USA,English,Franck Khalfoun,"Jennifer Jason Leigh, Bella Thorne, Mckenna Grace, Cameron Monaghan, Thomas Mann, Taylor Spreitler, Jennifer Morrison, Kurtwood Smith, Dan Martino, Brian Breiter, Jordyn Utz, Sabrina Harris","A desperate single mother moves with her three children into the notorious, supposedly haunted, real-life Amityville house to try and use its dark powers to cure her comatose son. Things go horribly wrong.",4.8,12425,,$ 742,$ 8481997
Come ti ammazzo il bodyguard,The Hitman's Bodyguard,2017,2017-10-05,"Action, Comedy, Crime",118,"USA, Hong Kong, Bulgaria, Netherlands, Canada, UK, France","English, Russian, French, Japanese, Italian, Dutch, Spanish",Patrick Hughes,"Elodie Yung, Ryan Reynolds, Tsuwayuki Saotome, Roy Hill, Richard E. Grant, Gary Oldman, Rod Hallett, Yuri Kolokolnikov, Nadia Konakchieva, Valentin Stojanov, Noortje Herlaar, Georgie Glen, Michael Gor, Barry Atsma, Ralitsa Vassileva","The world's top bodyguard gets a new client, a hitman who must testify at the International Criminal Court. They must put their differences aside and work together to make it to the trial on time.",6.9,181090,$ 30000000,$ 75468583,$ 176600207
American Assassin,American Assassin,2017,2017-11-23,"Action, Thriller",111,USA,"English, Spanish, Arabic, Polish, Turkish, Russian, Italian, Persian",Michael Cuesta,"Dylan O'Brien, Charlotte Vega, Christopher Bomford, Chris Webster, Shahid Ahmed, Buster Reeves, Nick Cavaliere, Simon Connolly, Yousef 'Joe' Sweid, Joost Janssen, Adam Collins, Trevor White, Sanaa Lathan, Jeff Davis, David Suchet","After the death of his girlfriend at the hands of terrorists, Mitch Rapp is drawn into the world of counterterrorism, mentored by tough-as-nails former U.S. Navy S.E.A.L. Stan Hurley.",6.2,67929,$ 33000000,$ 36249674,$ 67234188
2 gran figli di...,Father Figures,2017,2018-03-01,"Comedy, Drama",113,USA,English,Lawrence Sher,"Robert Jon Mello, Ed Helms, Retta, Zachary Haven, Mary Grill, Glenn Close, Ann McKenzie, Owen Wilson, Jessica Gomes, Harry Shearer, Sarah Skeist, Jo Helton, Terry Bradshaw, Debra Stipe, Ving Rhames","Upon learning that their mother has been lying to them for years about their allegedly deceased father, two fraternal twin brothers hit the road in order to find him.",5.5,17279,$ 25000000,$ 17501244,$ 25601244
King Arthur: Il potere della spada,King Arthur: Legend of the Sword,2017,2017-05-10,"Action, Adventure, Drama",126,"UK, USA",English,Guy Ritchie,"Charlie Hunnam, Astrid Bergès-Frisbey, Jude Law, Djimon Hounsou, Eric Bana, Aidan Gillen, Freddie Fox, Craig McGinlay, Tom Wu, Kingsley Ben-Adir, Neil Maskell, Annabelle Wallis, Zac Barker, Oliver Barker, Geoff Bell","Robbed of his birthright, Arthur comes up the hard way in the back alleys of the city. But once he pulls the sword from the stone, he is forced to acknowledge his true legacy - whether he likes it or not.",6.7,187078,$ 175000000,$ 39175066,$ 148675066
Geostorm,Geostorm,2017,2017-11-01,"Action, Sci-Fi, Thriller",109,USA,"English, Cantonese, Russian, Hindi, Spanish",Dean Devlin,"Gerard Butler, Jim Sturgess, Abbie Cornish, Alexandra Maria Lara, Daniel Wu, Eugenio Derbez, Amr Waked, Adepero Oduye, Andy Garcia, Ed Harris, Robert Sheehan, Richard Schiff, Mare Winningham, Zazie Beetz, Talitha Eliana Bateman","When the network of satellites designed to control the global climate starts to attack Earth, it's a race against the clock for its creator to uncover the real threat before a worldwide Geostorm wipes out everything and everyone.",5.3,90841,$ 120000000,$ 33700160,$ 221600160
Sempre amici,The Upside,2017,2019-04-01,"Comedy, Drama",126,USA,"English, German, Italian",Neil Burger,"Kevin Hart, Bryan Cranston, Nicole Kidman, Aja Naomi King, Jahi Di'Allo Winston, Genevieve Angelson, Golshifteh Farahani, Tate Donovan, Julianna Margulies, Suzanne Savoy, Michael Quinlan, James Georgiades, Rachel Christopher, Diego Aguirre, Fernando Mateo Jr.",A comedic look at the relationship between a wealthy man with quadriplegia and an unemployed man with a criminal record who's hired to help him.,6.9,42810,$ 37500000,$ 108252517,$ 125856180
The Bang Bang Brokers,The Bang Bang Brokers,2017,2017-04-11,"Action, Comedy, Crime",87,USA,English,David N. Donihue,"Erik-Michael Estrada, David N. Donihue, Derick Booker, Joy Nash, David Goryl, Joey Capone, Christo Dimassis, Elana Krausz, Levi Ashlyn, Bella-Sichima Belizaire, Stacy-Love Belizaire, Deonte' Bolden, Ozz Borges, Phillip Andre Botello, Al Burke",A suicidal stockbroker convinces a Black gang and a Latin gang to join forces and use street moves to sway a hedge fund. A vicious fast moving Action Comedy from the writer / director of The Weathered Underground.,7.4,112,,,
And Then I Go,And Then I Go,2017,2018-04-17,Drama,99,USA,English,Vincent Grashaw,"Arman Darbo, Melonie Diaz, Lucy Shepard, Tony Hale, Sawyer Barth, Mike Reyes, Louis Robert Thompson, Justin Long, Melanie Lynskey, Kannon Hicks, Michael Rousselet, Sean Cook, Hunter Trammell, Sharon Murray, Steele Whitney","In the cruel world of junior high, Edwin suffers in a state of anxiety and alienation alongside his only friend, Flake. Misunderstood by their families and demoralized at school daily, ...",6.2,803,,,
My Name Is Lenny,My Name Is Lenny,2017,2017-06-09,"Biography, Drama, Sport",91,UK,English,Ron Scalpello,"Josh Helman, Michael Bisping, Chanel Cresswell, John Hurt, Nick Moran, Charley Palmer Rothwell, Rita Tushingham, George Russo, Martin Askew, Jennifer Brooke, Nicola Duffett, Ruth Alfie Adams, Robert Goodman, Decca Heggie, Dean Christie","The life story of one of Britain's most notorious bare-knuckle fighters, Lenny McLean, also known as ""the Guv'nor"".",6.2,2467,$ 10000000,,$ 435
Flatliners: Linea mortale,Flatliners,2017,2017-11-23,"Drama, Horror, Mystery",109,"USA, Canada",English,Niels Arden Oplev,"Ellen Page, Diego Luna, Nina Dobrev, James Norton, Kiersey Clemons, Kiefer Sutherland, Madison Brydges, Jacob Soley, Anna Arden, Miguel Anthony, Jenny Raven, Beau Mirchoff, Charlotte McKinney, Wendy Raquel Robinson, Steve Byers","Five medical students, obsessed by what lies beyond the confines of life, embark on a daring experiment: by stopping their hearts for short periods, each triggers a near-death experience - giving them a firsthand account of the afterlife.",5.2,40290,$ 19000000,$ 16883115,$ 45158254
Star Raiders: The Adventures of Saber Raine,Star Raiders: The Adventures of Saber Raine,2017,2017-05-08,"Adventure, Sci-Fi",83,USA,,Mark Steven Grove,"Casper Van Dien, Cynthia Rothrock, James Lew, Holly Westwood, Brit Laree, Sara N. Salazar, Mark Steven Grove, Adam Lipsius, Sarah Sansoni, Tyler Weaver Jr., Sam Del Rio, Nico Feula, Kevin Sean Ryan, Andy Hankins, Michael Grell","Rocket ships, Rayguns, and Robots abound in this heart-pounding tale where the stellar adventurer Saber Raine is hired to guide three elite soldiers on a rescue mission to a mysterious planet on the outer rim of the galaxy.",3.0,529,,$ 260234,$ 260234
Never Here,Never Here,2017,2017-10-20,"Drama, Mystery, Thriller",110,USA,English,Camille Thoman,"Mireille Enos, Sam Shepard, Goran Visnjic, Vincent Piazza, Nina Arianda, Ana Nogueira, Jarek Truszczynski, Sami Lati, Greg Ainsworth, Desmin Borges, Angelica Page, Flora Diaz, David Greenspan, Alok Tewari, Frank De Julio","Disturbing events lead an artist who photographs strangers to suspect that someone out there is watching HER. Boundaries blur between real and imaginary, crime and art, the watcher and the watched.",4.3,856,,,
The Unseen,The Unseen,2017,2017-12-15,"Drama, Mystery, Thriller",108,UK,English,Gary Sinyor,"Richard Flood, Simon Cotton, Jasmine Hyde, Derek Horsham, Sushil Chudasama, Dana Haqjoo, Gina Gangar, Ashley R Woods, Stephan Bessant","Gemma and Will are shattered when their son dies in an accident. Gemma blames herself and starts to have panic attacks that affect her eyesight - and the audience's point of view. Will, ...",4.2,218,,,
Song to Song,Song to Song,2017,2017-05-10,"Drama, Music, Romance",129,USA,English,Terrence Malick,"Ryan Gosling, Rooney Mara, Michael Fassbender, Natalie Portman, Cate Blanchett, Holly Hunter, Bérénice Marlohe, Val Kilmer, Lykke Li, Olivia Grace Applegate, Dana Falconberry, Linda Emond, Louanne Stephens, Christin Sawyer Davis, Tom Sturridge","Two intersecting love triangles. Obsession and betrayal set against the music scene in Austin, Texas.",5.7,18055,,$ 443684,$ 1813453
Sleepless - Il giustiziere,Sleepless,2017,2017-02-02,"Action, Crime, Thriller",95,USA,English,Baran bo Odar,"Jamie Foxx, Michelle Monaghan, Scoot McNairy, Dermot Mulroney, T.I., David Harbour, Gabrielle Union, Octavius J. Johnson, Tim Connolly, Drew Sheer, Sala Baker, Tim Rigby, Elijah Everett, Tess Malis Kincaid, Steve Coulter",A cop with a connection to the criminal underworld scours a nightclub in search of his kidnapped son.,5.6,29261,$ 30000000,$ 20783704,$ 32917353
This Is Your Death,This Is Your Death,2017,2017-09-15,"Drama, Thriller",104,USA,English,Giancarlo Esposito,"Josh Duhamel, Giancarlo Esposito, Famke Janssen, Caitlin FitzGerald, Sarah Wayne Callies, Chris Ellis, Lucia Walters, Brooke Warrington, Jaeden Noel, Garry Chalk, Giles Panton, Scott Lyster, Sean Tyson, Johannah Newmarch, Cory Gruter-Andrew",An unsettling look at reality T.V. where a disturbing hit game show has its contestants ending their lives for the public's enjoyment.,5.6,4185,,,
Black Butterfly,Black Butterfly,2017,2017-07-13,"Crime, Mystery, Thriller",93,"Spain, USA, Italy",English,Brian Goodman,"Antonio Banderas, Jonathan Rhys Meyers, Piper Perabo, Vincent Riotta, Brian Goodman, Katie McGovern, Jake Daley, Craig Peritz, Randall Paul, Cristina Moglia, Abel Ferrara, Nicholas Aaron, Nathalie Rapti Gomez, Joy Libardoni, Tracy Green","A reclusive screenwriter takes in a lonely drifter, who is determined to repay his kindness by helping him finish his story.",6.2,12054,,,$ 391431
Capitan Mutanda,Captain Underpants: The First Epic Movie,2017,2017-11-01,"Animation, Action, Comedy",89,"USA, Canada, France, UK, India",English,David Soren,"Kevin Hart, Ed Helms, Nick Kroll, Thomas Middleditch, Jordan Peele, Kristen Schaal, DeeDee Rescher, Brian Posehn, David Soren, Mel Rodriguez, Susan Fitzer, Lynnanne Zager, Tiffany Lauren Bennicke, James Ryan, Leslie David Baker","Two overly imaginative pranksters named George and Harold hypnotize their principal into thinking he's a ridiculously enthusiastic, incredibly dimwitted superhero named Captain Underpants.",6.2,24337,$ 38000000,$ 73921000,$ 125427681
Woody Woodpecker,Woody Woodpecker,2017,2019-11-22,"Comedy, Family",91,USA,English,Alex Zamm,"Eric Bauza, Timothy Omundson, Graham Verchere, Jordana Largy, Thaila Ayala, Adrian Glynn McMorran, Scott McNeil, Chelsea Miller, Jakob Davies, Sean Tyson, Patrick Lubczyk, Ty Consiglio, Emily Holmes, Kwesi Ameyaw, Eric Keenleyside",The hyperactive red-headed bird enters a turf war with a big city lawyer wanting to tear down his home in an effort to build a house to flip.,4.1,3369,$ 10000000,,$ 15316635
Edison - L'uomo che illuminò il mondo,The Current War,2017,2019-07-18,"Biography, Drama, History",108,"USA, Russia, UK",English,Alfonso Gomez-Rejon,"Benedict Cumberbatch, Oliver Powell, Sophia Ally, Tuppence Middleton, Woody Norman, Tom Holland, Matthew Macfadyen, Dominic Coleman, Corey Johnson, Katherine Waterston, Michael Shannon, Stanley Townsend, Nicholas Hoult, Emma Davies, Nigel Whitmey",The dramatic story of the cutthroat race between electricity titans Thomas Edison and George Westinghouse to determine whose electrical system would power the modern world.,6.5,16808,$ 30000000,$ 5979540,$ 12217160
Can't Take It Back,Can't Take It Back,2017,2017-10-26,"Horror, Sci-Fi, Thriller",88,USA,English,Tim Shechmeister,"Ana Coto, Noah Centineo, Ivanna Sakhno, Lexi Atkins, Jill Larson, Logan Paul, Meredith Foster, Keith Pillow, Mandy Gonzalez, Paul Urcioli, Brenna Bloom, Marnie Alexenburg, Melanie Brook, Rafa Beato, Anne Richardson",Following a group of students who leave hateful comments on the page of a fellow pupil who recently committed suicide.,4.1,373,,,
Alguém Como Eu,Alguém Como Eu,2017,2017-10-12,"Comedy, Romance",87,"Portugal, Brazil",Portuguese,Leonel Vieira,"Paolla Oliveira, Ricardo Pereira, Sara Prata, José Pedro Vasconcelos, Júlia Rabello, Arlindo Lopes, José Martins, Paulo Pires, Dânia Neto, Manuel Marques, Eduardo Madeira, Mariza, Júlia Lund, Ângela Pinto, Raimundo Cosme","HELEN, 30 years-old, decides she is going to change the rest of her life. Her biggest mistake, she asks God for some precious help.",4.4,155,,,$ 207252
A un miglio da te,1 Mile to You,2017,2017-04-07,"Drama, Romance, Sport",104,USA,English,Leif Tilden,"Graham Rogers, Tim Roth, Stefanie Scott, Thomas Cocquerel, Justin McCammom, Ty Parker, Peter Holden, Elizabeth Canavan, Jeremy Jude, Liana Liberato, Jason Van Eman, Billy Crudup, Samantha Hodges, Peter Coyote, Karen Kaia Livers","After a teenager's friends die in an accident, he finds running allows him to remember them perfectly. Running, however, also brings him notoriety. He is caught between keeping the past alive and making new memories in the present.",6.3,2240,,,
Something Like Summer,Something Like Summer,2017,2020-06-11,"Drama, Musical, Romance",115,USA,English,David Berry,"Grant Davis, Davi Santos, Ben Baur, Ajiona Alexus, Jana Lee Hamblin, Ron Boyd, Tristan Decker, Madisyn Lane, Chip Sherman, Greg James, Will Shepherd, Cassie Caldera, Tellier Killaby, Riley S. Stewart, Quigley Provost-Landrum","Something Like Summer traces the tumultuous relationship of Ben and Tim, secret high school sweethearts who grow over the years into both adulthood enemies and complicated friends.",6.0,936,,,
Asylum of Darkness,Asylum of Darkness,2017,2017-06-20,"Horror, Sci-Fi",117,USA,English,Jay Woelfel,"Nick Baldasare, Amanda Howell, Richard Hatch, Tim Thomerson, Tiffany Shepis, Frank Jones Jr., Lonell R. Childred, John Hawk, Tanya Hutchins, Cash Kimmerle, Joe Lusher, Patricia McBride, Emmy Osicka, Matt Proctor, Leslie Whirly Robinson","After awakening in a mental asylum, a patient plans an escape to freedom, but finds an even more disturbing, supernatural world on the outside, one that threatens to keep him trapped in madness forever.",3.3,280,,,
