title,original_title,year,date_published,genre,duration,country,language,director,actors,description,avg_vote,votes,budget,usa_gross_income,worlwide_gross_income
Wazir,Wazir,2016,2016-01-08,"Action, Crime, Drama",103,India,Hindi,Bejoy Nambiar,"Amitabh Bachchan, Farhan Akhtar, Aditi Rao Hydari, Manav Kaul, Neil Nitin Mukesh, John Abraham, Anjum Sharma, Prakash Belawadi, Murli Sharma, Nasirr Khan, Seema Bhargava, Nishigandha Wad, Saachi Tiwari, Vaidehi Parshurami, Vivekanand Singh",A grief-stricken cop and an amputee grandmaster are brought together by a peculiar twist of fate as part of a wider conspiracy that has darkened their lives.,7.1,16992,,$ 1124045,$ 5633588
American Pastoral,American Pastoral,2016,2016-10-20,"Crime, Drama",108,"Hong Kong, USA","English, Hebrew",Ewan McGregor,"Ewan McGregor, Jennifer Connelly, Dakota Fanning, Peter Riegert, Rupert Evans, Uzo Aduba, Molly Parker, Valorie Curry, Hannah Nordberg, Julia Silverman, Mark Hildreth, Samantha Mathis, David Strathairn, Ocean James, David Whalen",An All-American college star and his beauty queen wife watch their seemingly perfect life fall apart as their daughter joins the turmoil of '60s America.,6.1,14802,,$ 544098,$ 2063436
La storia dell'amore,The History of Love,2016,2017-08-31,"Drama, Romance, War",134,"France, Belgium, Canada, Romania","English, Yiddish",Radu Mihaileanu,"Gemma Arterton, Derek Jacobi, Elliott Gould, Sophie Nélisse, Torri Higginson, Mark Rendall, Alex Ozerov, Jamie Bloch, Julian Bailey, Russell Yuen, William Ainscough, Masa Lizdek, Miriam Rizea, Corneliu Ulici, Samantha Hodhod",The story of a long-lost book that mysteriously reappears and connects an old man searching for his son with a girl seeking a cure for her mother's loneliness.,6.3,1193,EUR 15000000,,$ 492272
"Ave, Cesare!","Hail, Caesar!",2016,2016-03-10,"Comedy, Drama, Music",106,"USA, UK, Japan",English,"Ethan Coen, Joel Coen","Josh Brolin, George Clooney, Alden Ehrenreich, Ralph Fiennes, Scarlett Johansson, Tilda Swinton, Channing Tatum, Frances McDormand, Jonah Hill, Veronica Osorio, Heather Goldenhersh, Alison Pill, Max Baker, Fisher Stevens, Patrick Fischler",A Hollywood fixer in the 1950s works to keep the studio's stars in line.,6.3,121472,$ 22000000,$ 30498085,$ 63647656
Silence,Silence,2016,2017-01-12,"Drama, History",161,"USA, UK, Taiwan, Japan, Mexico, Italy","English, Japanese, Latin",Martin Scorsese,"Andrew Garfield, Adam Driver, Liam Neeson, Tadanobu Asano, Ciarán Hinds, Issei Ogata, Shin'ya Tsukamoto, Yoshi Oida, Yôsuke Kubozuka, Kaoru Endô, Diego Calderón, Rafael Kading, Matthew Blake, Benoit Masse, Tetsuya Igawa","In the 17th century, two Portuguese Jesuit priests travel to Japan in an attempt to locate their mentor, who is rumored to have committed apostasy, and to propagate Catholicism.",7.2,97231,$ 46000000,$ 7100177,$ 23834809
Nina,Nina,2016,2016-04-22,"Biography, Drama, Music",90,UK,"English, French",Cynthia Mort,"Zoe Saldana, David Oyelowo, Kevin Mambo, Ronald Guttman, Chuma Gault, Allison Sarofim, Mike Epps, Keith David, Ella Joyce, Stevens Gaston, Fred Cassidy, Jessica Oyelowo, Anthony Molinari, Ella Thomas, Bonnie Bartlett",The story of the late jazz musician and classical pianist,5.4,2544,$ 7000000,,
Cell,Cell,2016,2016-07-13,"Action, Drama, Horror",98,USA,English,Tod Williams,"John Cusack, Samuel L. Jackson, Isabelle Fuhrman, Clark Sarullo, Ethan Andrew Casto, Owen Teague, Stacy Keach, Joshua Mikel, Anthony Reynolds, Erin Elizabeth Burns, Jeff Hallman, Mark Ashworth, Wilbur Fitzgerald, Catherine Dyer, E. Roger Mitchell","When a mysterious cell phone signal causes apocalyptic chaos, an artist is determined to reunite with his young son in New England.",4.3,24642,,,$ 1323012
Warcraft: L'inizio,Warcraft,2016,2016-06-01,"Action, Adventure, Fantasy",123,"China, Canada, Japan, USA",English,Duncan Jones,"Travis Fimmel, Paula Patton, Ben Foster, Dominic Cooper, Toby Kebbell, Ben Schnetzer, Robert Kazinsky, Clancy Brown, Daniel Wu, Ruth Negga, Anna Galvin, Callum Keith Rennie, Burkely Duffield, Ryan Robbins, Dean Redman","As an Orc horde invades the planet Azeroth using a magic portal, a few human heroes and dissenting Orcs must attempt to stop the true evil behind this war.",6.8,238090,$ 160000000,$ 47365290,$ 439048914
Maximum Ride,Maximum Ride,2016,2016-08-30,"Action, Adventure, Comedy",88,USA,English,Jay Martin,"Allie Marie Evans, Patrick Johnson, Lyliana Wray, Luke Gregory Crosby, Gavin Lewis, Tetona Jackson, Zayne Emory, Carrie Wampler, Lillie Owers, Zander Faden, Shaun Patrick Brady, Karla Zamudio, Tina Huang, ChimneySwift11, Omid Zader",A flock of winged children mount a rescue plan when wolf-boys abduct their youngest member and return her to the militarized institution that created them all.,3.6,4119,,$ 4218,$ 4218
Travis,Travis,2016,2016-05-10,"Horror, Sci-Fi, Thriller",98,USA,English,"David Blair, Adam Pitman","Kent Harper, Gill Gayle, Adam Pitman, Nathaniel Peterson, Sarina Hart, Rian Jairell, Jaime Perkins, Tony Hernandez, Life Noell, Andra Carlson, Jasmine John, Adam Stilwell, Lynn-Wood Fields, David Blair, Angela Millhone","One year after seven local students are inexplicably murdered at a lake house party near the Canadian border, recent high school grads Travis and his buddy Nate plan a celebratory road trip...",3.7,799,$ 300000,,
The Legend of Tarzan,The Legend of Tarzan,2016,2016-07-14,"Action, Adventure, Drama",110,"UK, Canada, USA","English, Lingala, French",David Yates,"Alexander Skarsgård, Rory J. Saper, Christian Stevens, Christoph Waltz, Samuel L. Jackson, Margot Robbie, Sidney Ralitsoele, Osy Ikhile, Mens-Sana Tamakloe, Antony Acheampong, Edward Apeagyei, Ashley Byam, Casper Crump, Adam Ganne, Aleksandar Mikic","Tarzan, having acclimated to life in London, is called back to his former home in the jungle to investigate the activities at a mining encampment.",6.2,160617,$ 180000000,$ 126643061,$ 356700357
The Man in the Silo,The Man in the Silo,2016,2016-01-09,Drama,55,USA,English,Phil Donlon,"Ernie Hudson, Brandon Ratcliff, Sandra Dee Robinson, Jodi Shilling, Jane Alderman, William Zabka, Ron Gilbert, Dian Bachar, Hunter Mackenzie Austin, Alrick Brown, Doug Jones, Christian Stolte, Mike McNamara, Nancy Lollar","Racial family conflict results in a horrific car accident that leaves Marcus Wells a successful African American executive, proud husband and father--alone, in a secret world of guilt and ...",5.3,125,,,
Pelé,Pelé: Birth of a Legend,2016,2016-05-26,"Biography, Drama, Sport",107,USA,"English, Portuguese, Swedish","Jeff Zimbalist, Michael Zimbalist","Kevin de Paula, Leonardo Lima Carvalho, Seu Jorge, Mariana Nunes, Milton Gonçalves, Seth Michaels, Vincent D'Onofrio, André Mattos, Phil Miler, Rafael Henriques, Felipe Simas, Adriano Aragon, Mariana Balsa, Eric Bell Jr., Diego Boneta",Pele's meteoric rise from the slums of Sao Paulo to leading Brazil to its first World Cup victory at the age of 17 is chronicled in this biographical drama.,7.2,15923,,$ 57046,$ 7846608
The Young Messiah,The Young Messiah,2016,2016-03-11,"Drama, Fantasy",111,USA,English,Cyrus Nowrasteh,"Adam Greaves-Neal, Sara Lazzaro, Vincent Walsh, Finn Ireland, Christian McKay, Agni Scott, Lois Ellington, Jane Lapotaire, Duné Medros, Rory Keenan, Sean Bean, Clive Russell, Jonathan Bailey, David Bradley, David Burke",Tells the story of,5.6,3104,$ 18500000,$ 6490401,$ 7330338
The Exorcist III: Legion,The Exorcist III: Legion,2016,2016-10-25,Horror,105,USA,,William Peter Blatty,"George C. Scott, Ed Flanders, Brad Dourif, Scott Wilson, Nancy Fish, Peggy Alston, Ryan Paul Amick, Cherie Baron, Barbara Baxley, James Burgess, Grand L. Bush, Amelia Campbell, Harry Carey Jr., Alexis Chieffet, John Coe","William Peter Blatty's director's cut of ""The Exorcist III"" which was thought to be lost. Recovered and released in 2016 under its original title, this is the definitive cut of the film based on his novel ""Legion"".",7.5,410,,,
The Belko Experiment: Chi sopravviverà?,The Belko Experiment,2016,2017-03-17,"Horror, Thriller",89,USA,English,Greg McLean,"John Gallagher Jr., Tony Goldwyn, Adria Arjona, John C. McGinley, Melonie Diaz, Owain Yeoman, Sean Gunn, Brent Sexton, Josh Brener, David Dastmalchian, David Del Rio, Gregg Henry, Michael Rooker, Rusty Schwimmer, Gail Bean","In a twisted social experiment, eighty Americans are locked in their high-rise corporate office in Bogotá, Colombia, and ordered by an unknown voice coming from the company's intercom system to participate in a deadly game of kill or be killed.",6.1,42528,$ 5000000,$ 10166820,$ 11084630
The Wait,The Wait,2016,2016-01-07,"Crime, Drama",87,"Italy, USA",Italian,Tiziana Bosco,"Luca Lionello, Stephen Badalamenti, Antonio Catania, Gianmarco Tognazzi, Luigi Maria Burruano, Lucia Sardo, Franco Vella, Rosaria Russo, Alfredo Li Bassi, Dominick Ruggiero Jr., Fulvio Emanuele, Luca Barreca, Vincenzo Volo, Massimo Leggio","A mafia killer accepts to take the identity of his last victim in order to redeem his past. Two games of chess - one with his victim, the other with his boss - will stress the turning points of this change. The killer meet his victim on a ship that carries back together in Sicily 40 years after their departure. Only one will arrive in Sicily, but he'll chose to change his life and complete the ...",6.5,345,EUR 2000000,,
Free State of Jones,Free State of Jones,2016,2016-12-01,"Action, Biography, Drama",139,USA,English,Gary Ross,"Matthew McConaughey, Gugu Mbatha-Raw, Mahershala Ali, Keri Russell, Christopher Berry, Sean Bridgers, Jacob Lofland, Thomas Francis Murphy, Bill Tangradi, Brian Lee Franklin, Kerry Cahill, Joe Chrest, Jessica Collins, Donald Watkins, Jill Jane Clements",A disillusioned Confederate army deserter returns to Mississippi and leads a militia of fellow deserters and women in an uprising against the corrupt local Confederate government.,6.9,49898,$ 50000000,$ 20810036,$ 25035950
The Bronx Bull,The Bronx Bull,2016,2017-01-06,"Biography, Drama, Sport",94,USA,English,Martin Guigui,"William Forsythe, Joe Mantegna, Tom Sizemore, Paul Sorvino, Penelope Ann Miller, Mojean Aria, Ray Wise, Natasha Henstridge, James Russo, Robert Davi, Cloris Leachman, Mike Starr, Joe Cortese, Bruce Davison, Dave Cobert","Based on the tumultuous real-life experiences of legendary boxing champion Jake LaMotta, THE BRONX BULL chronicles his rise as a world-class boxer and his struggles with life outside of the ring, offering an unflinchingly honest look into the heart of a champion.",4.8,515,$ 7000000,,
The Vanquisher,The Vanquisher,2016,2016-03-01,"Action, Adventure, Sci-Fi",90,USA,English,Dean Gold,"Ben Seton, Dominika Juillet, Gil Navarra, Daz Crawford, Michael Fallon, Tammy Felice, Dave Vescio, Jesse Wang, May Tan, Jon Napier, Casey Dacanay, Art Roberts, Amy Lyndon, LeVonne Pratt, Tosha Pierce",Sector 70 is a noir-ish dystopian future where prosperity belongs to the few - and those determined to take it. Jarron Brenner did well by the system until his body was invaded by the ...,3.9,152,$ 500000,,
10 Cloverfield Lane,10 Cloverfield Lane,2016,2016-04-28,"Action, Drama, Horror",103,USA,English,Dan Trachtenberg,"John Goodman, Mary Elizabeth Winstead, John Gallagher Jr., Douglas M. Griffin, Suzanne Cryer, Bradley Cooper, Sumalee Montano, Frank Mottek","After getting in a car accident, a woman is held in a shelter with two men, who claim the outside world is affected by a widespread chemical attack.",7.2,283194,$ 15000000,$ 72082998,$ 110216998
Pet,Pet,2016,2016-12-02,"Horror, Thriller",94,"Spain, USA",English,Carles Torrens,"Dominic Monaghan, Ksenia Solo, Jennette McCurdy, Da'Vone McDonald, Nathan Parsons, Janet Song, Gary J. Tunnicliffe, Denise Garcia, John Ross Bowie, Sean Blakemore, Irene Roseen, Alasdair Martin, Harmony McElligott, Rachel Robinson",A man bumps into an old crush and holds her captive underneath the animal shelter where he works.,5.7,15257,,$ 8004,$ 22003
Doctor Strange,Doctor Strange,2016,2016-10-26,"Action, Adventure, Fantasy",115,USA,English,Scott Derrickson,"Benedict Cumberbatch, Chiwetel Ejiofor, Rachel McAdams, Benedict Wong, Mads Mikkelsen, Tilda Swinton, Michael Stuhlbarg, Benjamin Bratt, Scott Adkins, Zara Phythian, Alaa Safi, Katrina Durden, Topo Wresniwiro, Umit Ulgen, Linda Louise Duan","While on a journey of physical and spiritual healing, a brilliant neurosurgeon is drawn into the world of the mystic arts.",7.5,578675,$ 165000000,$ 232641920,$ 677718395
Civiltà perduta,The Lost City of Z,2016,2017-06-22,"Biography, Drama, History",141,USA,"English, Portuguese, Tupi, Spanish, German",James Gray,"Charlie Hunnam, Robert Pattinson, Sienna Miller, Tom Holland, Edward Ashley, Angus Macfadyen, Ian McDiarmid, Clive Francis, Pedro Coello, Matthew Sunderland, Johann Myers, Aleksandar Jovanovic, Elena Solovey, Bobby Smalldridge, Tom Mulheron","A true-life drama, centering on British explorer Major Percival Fawcett, who disappeared whilst searching for a mysterious city in the Amazon in the 1920s.",6.6,76112,$ 30000000,$ 8580410,$ 19263938
Swallows and Amazons,Swallows and Amazons,2016,2016-08-19,"Adventure, Drama, Family",96,UK,English,Philippa Lowthorpe,"Bobby McCulloch, Dane Hughes, Kelly Macdonald, Abbie Glozier, Megan Glozier, Teddie-Rose Malleson-Allen, Orla Hill, Andrew Scott, Dan Renton Skinner, Rafe Spall, Harry Enfield, Jessica Hynes, Fenella Woolgar, Jack Ibbotson, Richard Bremmer","Four children (the Swallows) on holiday in the Lake District sail on their own to an island and start a war with rival children (the Amazons). In the meantime, a mysterious man on a houseboat accuses them of a crime they did not commit.",6.1,2731,,,$ 3898580
The Last Film Festival,The Last Film Festival,2016,2016-09-16,Comedy,90,USA,English,Linda Yellen,"Dennis Hopper, Chris Kattan, Jacqueline Bisset, Donnell Rawlings, Leelee Sobieski, JoBeth Williams, Erin Marie Adams, Aurora Barnes, Brian Berrebbi, Katrina Bowden, Jeffrey Bruce, Clay Cartland, Joseph Cross, Chris Dawson, Jenn DeFelice","There are 4,000 film festivals around the world. Where would you go if your film was turned down by 3,999 of them?. What happens when an obscure film festival is the last hope for a failing...",4.0,272,$ 650000,$ 3558,$ 3558
Ghostbusters,Ghostbusters,2016,2016-07-28,"Action, Comedy, Fantasy",117,"USA, Australia",English,Paul Feig,"Zach Woods, Kristen Wiig, Ed Begley Jr., Charles Dance, John Milhiser, Ben Harris, Melissa McCarthy, Karan Soni, Kate McKinnon, Bess Rous, Steve Higgins, Leslie Jones, Neil Casey, Dave Allen, Katie Dippold","Following a ghost invasion of Manhattan, paranormal enthusiasts Erin Gilbert and Abby Yates, nuclear engineer Jillian Holtzmann, and subway worker Patty Tolan band together to stop the otherworldly threat.",5.2,200067,$ 144000000,$ 128350574,$ 229147509
Frank & Lola,Frank & Lola,2016,2016-12-09,"Crime, Drama, Romance",88,USA,"English, French, Spanish",Matthew Ross,"Imogen Poots, Michael Shannon, Justin Long, Rosanna Arquette, Michael Nyqvist, Suteara Vaughn, Emmanuelle Devos, Alex Lombard, Amy Argyle, Stella Schnabel, David Atrakchi, Laine Rettmer, Landa Morland, Elisha Yaffe, Joel Virgel","A psychosexual noir love story, set in Las Vegas and Paris, about love, obsession, sex, betrayal, revenge and, ultimately, the search for redemption.",5.9,5375,,$ 9188,$ 9188
Single ma non troppo,How to Be Single,2016,2016-02-11,"Comedy, Drama, Romance",110,USA,English,Christian Ditter,"Dakota Johnson, Rebel Wilson, Leslie Mann, Damon Wayans Jr., Anders Holm, Alison Brie, Nicholas Braun, Jake Lacy, Jason Mantzoukas, Colin Jost, Mickey Gooch Jr., Sarah Ramos, Vanessa Rubio, Zani Jones Mbayise, Brent Morin",A group of young adults navigate love and relationships in New York City.,6.1,79569,$ 38000000,$ 46843513,$ 112343513
Il diario dell'amore,The Devil and the Deep Blue Sea,2016,2016-12-04,Drama,106,USA,English,Bill Purple,"Jason Sudeikis, Maisie Williams, Jessica Biel, Mary Steenburgen, Orlando Jones, Richard Robichaux, Paul Reiser, Bryan Batt, Jayson Warner Smith, Christopher Gehrman, Wendy Miklovic, George Wilson, Joshua Mikel, Russ Russo, Cailey Fleming",Jason Sudeikis stars as a widowed New Orleans architect who strikes up an unlikely relationship with teenage runaway Maisie Williams.,6.0,3767,,,
Pequeno Segredo,Pequeno Segredo,2016,2016-11-10,"Biography, Drama",107,"Brazil, New Zealand","Portuguese, English",David Schurmann,"Fionnula Flanagan, Erroll Shand, Maria Flor, Júlia Lemmertz, Marcello Antony, Michael Wade, Thomas Silvestre, Saulo Sisnando, Ryan James, Régius Brandão, Mariana V. Goulart",Based on true events Little Secret is a film with three interlocked stories all connected by a single secret that converge to reveal the tragic yet beautiful lives of three families and how...,7.4,890,,,$ 774128
The Infiltrator,The Infiltrator,2016,2017-05-13,"Biography, Crime, Drama",127,"UK, USA","English, Spanish",Brad Furman,"Bryan Cranston, Leanne Best, Daniel Mays, Tom Vaughan-Lawlor, Niall Hayes, Lara Decaro, Juliet Aubrey, Olympia Dukakis, Amy Ryan, John Leguizamo, Joseph Gilgun, Jason Isaacs, Richard Katz, Fred Furman, Juan Cely",A U.S. Customs official uncovers a money laundering scheme involving Colombian drug lord Pablo Escobar.,7.0,66407,$ 28000000,$ 15436808,$ 21011110
Passengers,Passengers,2016,2016-12-30,"Drama, Romance, Sci-Fi",116,"USA, Australia","English, Spanish, Japanese, French",Morten Tyldum,"Jennifer Lawrence, Chris Pratt, Michael Sheen, Laurence Fishburne, Andy Garcia, Vince Foster, Kara Flowers, Conor Brophy, Julee Cerda, Aurora Perrineau, Lauren Farmer, Emerald Mayne, Kristin Brock, Tom Ferrari, Quansae Rutledge","A spacecraft traveling to a distant colony planet and transporting thousands of people has a malfunction in its sleep chambers. As a result, two passengers are awakened 90 years early.",7.0,340493,$ 110000000,$ 100014699,$ 303144152
Lowriders,Lowriders,2016,2017-04-28,"Adventure, Crime, Drama",98,USA,English,Ricardo de Montreuil,"Gabriel Chavarria, Demián Bichir, Theo Rossi, Tony Revolori, Melissa Benoist, Yvette Monreal, Eva Longoria, Montse Hernandez, Noel Gugliemi, Bryan Rubio, Cress Williams, Franck Khalfoun, Pepe Serna, Taishi Mizuno, David Fernandez Jr.","A young street artist in East Los Angeles is caught between his father's obsession with lowrider car culture, his ex-felon brother and his need for self-expression.",5.6,2175,$ 5000000,$ 6303560,$ 6312033
PPZ: Pride and Prejudice and Zombies,Pride and Prejudice and Zombies,2016,2016-02-04,"Action, Comedy, Fantasy",108,"USA, UK","English, Japanese, Chinese",Burr Steers,"Lily James, Sam Riley, Bella Heathcote, Ellie Bamber, Millie Brady, Suki Waterhouse, Douglas Booth, Sally Phillips, Charles Dance, Jack Huston, Lena Headey, Matt Smith, Emma Greenwell, Eva Bell, Aisling Loftus",Five sisters in 19th century England must cope with the pressures to marry while protecting themselves from a growing population of zombies.,5.8,50166,$ 28000000,$ 10938134,$ 16457494
Suicide Squad,Suicide Squad,2016,2016-08-13,"Action, Adventure, Fantasy",123,USA,"English, Japanese, Spanish",David Ayer,"Will Smith, Jaime FitzSimons, Ike Barinholtz, Margot Robbie, Christopher Dyson, Bambadjan Bamba, Viola Davis, Ted Whittall, David Harbour, Robin Atkin Downes, Robert B. Kennedy, Billy Otis, Shailyn Pierre-Dixon, Jared Leto, James McGowan",A secret government agency recruits some of the most dangerous incarcerated super-villains to form a defensive task force. Their first mission: save the world from the apocalypse.,6.0,586474,$ 175000000,$ 325100054,$ 746846894
Quando l'amore si spezza,When the Bough Breaks,2016,2016-09-09,"Crime, Drama, Horror",107,USA,English,Jon Cassar,"Morris Chestnut, Regina Hall, Romany Malco, Michael Kenneth Williams, Glenn Morshower, Theo Rossi, Jaz Sinclair, GiGi Erneta, Tom Nowicki, Denise Gossett, Janee Michelle, Carrie Lazar, Ariadne Joseph, Matthew M. Mitchell, Maurice Johnson",A surrogate mom for a couple becomes dangerously obsessed with the soon-to-be father.,5.1,5635,$ 10000000,$ 29747603,$ 30658387
A Boy Called Po,A Boy Called Po,2016,2017-09-01,"Drama, Fantasy",95,USA,English,John Asher,"Christopher Gorham, Julian Feder, Kaitlin Doubleday, Andrew Bowen, Sean Gunn, Caitlin Carmichael, Bryan Batt, Fay Masterson, Brian George, Tristan Chase, Jayden Anderson, Kassi Crews, Tammy Dahlstrom, Mason Hafer, Starla Hall","After his wife dies of cancer, an overworked engineer struggles to care for his son with autism. His son in response to bullying regresses into a fantasy world escape.",6.6,764,$ 500000,$ 4550,$ 4550
Deadpool,Deadpool,2016,2016-02-18,"Action, Adventure, Comedy",108,USA,English,Tim Miller,"Ryan Reynolds, Karan Soni, Ed Skrein, Michael Benyaer, Stefan Kapicic, Brianna Hildebrand, Style Dayne, Kyle Cassie, Taylor Hickson, Ayzee, Naika Toussaint, Randal Reeder, T.J. Miller, Isaac C. Singleton Jr., Morena Baccarin","A wisecracking mercenary gets experimented on and becomes immortal but ugly, and sets out to track down the man who ruined his looks.",8.0,882037,$ 58000000,$ 363070709,$ 782612155
She Wolf Rising,She Wolf Rising,2016,2016-01-01,Horror,91,USA,English,Marc Leland,"Tiffany Shepis, Debbie Rochon, Timothy Mandala, Ruby Larocca, Tina Krause, Nicola Fiore, J. Edmund Fond, Alan Rowe Kelly, Allegra Leland, Brandon Ellis, Carl Burrows, William White, Fred Ferraro, Kate Rose Reynolds, Joe Zaso","A nonstop supernatural thriller that explores the dark side of underground filmmaking. Gina Sklar, the reigning queen of horror, portrayed by Tiffany Shepis, lures Jake Bubar (Tim Mandala) ...",3.1,197,$ 400000,,
Get a Job,Get a Job,2016,2016-07-18,Comedy,83,USA,English,Dylan Kidd,"Miles Teller, Anna Kendrick, Bryan Cranston, Nicholas Braun, Brandon T. Jackson, Christopher Mintz-Plasse, Alison Brie, Marcia Gay Harden, Jorge Garcia, Bruce Davison, Parker Contreras, Megan Gallagher, Mimi Gianopulos, Jay Pharoah, Ethan Dizon","After college, Will is having problems getting a good, lasting job, as are his roomies, his girlfriend and his just fired dad.",5.3,21019,,,$ 23910
Paint It Black,Paint It Black,2016,2016-06-03,Drama,97,USA,English,Amber Tamblyn,"Janet McTeer, Alia Shawkat, Rhys Wakefield, Nancy Kwan, Emily Rios, Alfred Molina, Simon Helberg, Annabelle Attanasio, Glenda Chism, Patrick Davis, Ken Davitian, Rudy Dobrev, Ed Dougherty, Ashley Blaine Featherson, Chris Palko",A young woman attempts to deal with the death of her boyfriend while continuously confronted by his mentally unstable mother.,5.6,675,,,
Max Steel,Max Steel,2016,2017-01-26,"Action, Adventure, Fantasy",92,"UK, USA",English,Stewart Hendler,"Ben Winchell, Josh Brener, Maria Bello, Andy Garcia, Ana Villafañe, Mike Doyle, Phillip DeVona, Billy Slaughter, Al Mitchell, Lawrence Kao, Brett Gentile, Jahnee Wallace, Avis-Marie Barnes, Brandon Larracuente, Clayton Frey","The adventures of teenager Max McGrath and his alien companion, Steel, who must harness and combine their tremendous new powers to evolve into the turbo-charged superhero Max Steel.",4.6,17909,$ 10000000,$ 3818664,$ 6272403
Bridget Jones's Baby,Bridget Jones's Baby,2016,2016-09-22,"Comedy, Drama, Romance",123,"USA, France, China, UK, Japan","English, Italian",Sharon Maguire,"Renée Zellweger, Gemma Jones, Jim Broadbent, Sally Phillips, Julian Rhind-Tutt, Shirley Henderson, Ben Willbond, Paul Bentall, Colin Firth, Agni Scott, Katia Elizarova, Tom Rosenthal, Beattie Edmondson, Laura Checkley, Sarah Solemani","Bridget's focus on single life and her career is interrupted when she finds herself pregnant, but with one hitch ... she can only be fifty percent sure of the identity of her baby's father.",6.5,66417,$ 35000000,$ 24252420,$ 211952420
Turnabout,Turnabout,2016,2016,"Drama, Mystery, Thriller",90,USA,English,E.B. Hughes,"George Katt, Waylon Payne, Peter Greene, Sayra Player, Rosebud Baker, Judy Jerome, Rich Bryant, Kiva Dawson, Kyle Klaus, Sara Murphy, Ian Robinson, Doc Watson, Tom Whaley","A troubled man survives a suicide attempt. He calls an old friend to rescue him in the middle of the night. Their journey is just beginning, and by daybreak, a tragedy will surface.",7.0,3256,,,
Abattoir,Abattoir,2016,2016-12-09,"Horror, Mystery, Thriller",98,USA,English,Darren Lynn Bousman,"Jessica Lowndes, Joe Anderson, Dayton Callie, Lin Shaye, John McConnell, Bryan Batt, Michael Paré, J. LaRose, Jackie Tuttle, Jay Huguley, Aiden Flowers, Carol Sutton, Josh Berger, Terence Rosemore, Thomas Francis Murphy",An investigative reporter teams up with a police officer to solve the mystery of why a seemingly good man murdered her sister's family.,4.4,3687,$ 5000000,,$ 663460
Una spia e mezzo,Central Intelligence,2016,2016-07-14,"Action, Comedy, Crime",107,"USA, China",English,Rawson Marshall Thurber,"Dwayne Johnson, Kevin Hart, Amy Ryan, Danielle Nicolet, Jason Bateman, Aaron Paul, Ryan Hansen, Tim Griffin, Timothy John Smith, Sione Kelepi, Dylan Boyack, Thomas Kretschmann, Megan Park, Slaine, Annie Kerins","After he reconnects with an awkward pal from high school through Facebook, a mild-mannered accountant is lured into the world of international espionage.",6.3,155085,$ 50000000,$ 127440871,$ 216972543
Vacant House,Vacant House,2016,2016,"Drama, Horror, Thriller",84,USA,English,Jeremy Casper,"Cris Cunningham, Dee Ann Newkirk, T.J. Maxwell, Richard Miraan, Don Bondi, Jason Zahodnik, Carlee Zabel, Brayden Armes, Carl Charroux, Walker Haynes","A fugitive, an empty house, a rotting corpse. The journey begins. Cameron Matthews, a petty criminal and fugitive from the law, hides from police by taking shelter in an old dilapidated ...",3.5,163,$ 35000,,
Blair Witch,Blair Witch,2016,2016-09-21,"Horror, Mystery, Thriller",89,"Canada, USA",English,Adam Wingard,"James Allen McCune, Callie Hernandez, Corbin Reid, Brandon Scott, Wes Robinson, Valorie Curry","After discovering a video showing what he believes to be his vanished sister Heather, James and a group of friends head to the forest believed to be inhabited by the Blair Witch.",5.0,40222,$ 5000000,$ 20777061,$ 45173154
Autobiografia di un finto assassino,True Memoirs of an International Assassin,2016,2016-11-11,"Action, Comedy, Crime",98,USA,English,Jeff Wadlow,"Kevin James, Kim Coates, Maurice Compte, Zulay Henao, Andrew Howard, Ron Rifkin, Yul Vazquez, P.J. Byrne, Kelen Coleman, Leonard Earl Howze, Rob Riggle, Andy Garcia, Anthony Belevtsov, Jeff Chase, Katie Couric","After a publisher changes a writer's debut novel about a deadly assassin from fiction to non-fiction, the author finds himself thrust into the world of his lead character, and must take on the role of his character for his own survival.",5.9,19569,$ 40000000,,
Simple Creature,Simple Creature,2016,2017-07-25,"Horror, Sci-Fi, Thriller",92,USA,English,Andrew Finnigan,"Russell Hodgkinson, Tony Doupe, Alycia Delmore, Rich Morris, Wally Dalton, Peter 'Drago' Tiemann, Madeline Anderson, D'Angelo Midili, Luke Schuck, Jason Adkins, Carollani Sandberg, Amy Thone, Alan Z, Gregory Marks, Hans Altwies","An obliviously modern college student gets into a near-fatal bus accident, but is reborn through hybrid technology by her biotech father and his advanced lab.",3.9,202,,$ 23918,$ 23918
One Fall,One Fall,2016,2016-09-02,Drama,90,USA,English,Marcus Dean Fuller,"Marcus Dean Fuller, Zoe McLellan, Seamus Mulcahy, James McCaffrey, Mark La Mura, Mark Margolis, Dominic Fumusa, Phyllis Somerville, LeeAnne Hutchison, Audrey Amey, Dean Silvers, Sarah Wilson, Keli Price, Tyler Silvers, Jesse Miller",The story of a man who gains healing powers after he survives a 200-foot fall.,5.2,213,,,
Fallen,Fallen,2016,2017-01-26,"Drama, Fantasy, Romance",91,"UK, Hungary",English,Scott Hicks,"Hermione Corfield, Addison Timlin, Joely Richardson, Jeremy Irvine, Lola Kirke, Daisy Head, Juliet Aubrey, Harrison Gilbertson, Leo Suter, Sianoa Smit-McPhee, Norma Kuhling, Elliot Levey, Malachi Kirby, David Schaal, Matt Devere","A young girl finds herself in a reform school after therapy since she was blamed for the death of a young boy. At the school she finds herself drawn to a fellow student, unaware that he is an angel, and has loved her for thousands of years.",5.4,13149,,,$ 2578927
The Late Bloomer,The Late Bloomer,2016,2016-10-07,"Comedy, Drama, Romance",90,USA,English,Kevin Pollak,"Charlotte McKinney, Johnny Simmons, Blake Cooper, Kumail Nanjiani, Beck Bennett, Lenora Crichlow, Diana Lyubenova, Paul Wesley, Brittany Snow, J.K. Simmons, Maria Bello, Jane Lynch, Joey Greer, Matt Jones, Jason Antoon","The story of an adult male who, after the successful removal of a benign tumor resting against his pituitary gland, experiences all the changes and effects of puberty over a three-week period.",5.2,7654,$ 3500000,,
Zoolander 2,Zoolander 2,2016,2016-02-12,"Action, Adventure, Comedy",101,"USA, Italy","English, Italian, Spanish",Ben Stiller,"Justin Bieber, Jon Daly, Penélope Cruz, Ben Stiller, Katie Couric, Amy Stiller, Charlotte Townsend, Christine Taylor, Jim Lehrer, Owen Wilson, Christiane Amanpour, Jane Pauley, Will Ferrell, Justin Theroux, Milla Jovovich","Derek and Hansel are lured into modelling again, in Rome, where they find themselves the target of a sinister conspiracy.",4.7,63610,$ 50000000,$ 28848693,$ 56722693
The Bleeder,The Bleeder,2016,2017-05-05,"Biography, Drama, Sport",98,USA,English,Philippe Falardeau,"Liev Schreiber, Elisabeth Moss, Ron Perlman, Naomi Watts, Jim Gaffigan, Michael Rapaport, Pooch Hall, Morgan Spector, Jason Jones, William Hill, Wass Stevens, Kelvin Hale, Megan Sikora, Emil Tonev, Georgia Ximenes Lifsher","A drama inspired by the life of heavyweight boxer Chuck Wepner, who had a once-in-a-lifetime bout with Muhammad Ali that would inspire the film",6.5,5495,,$ 320725,$ 502518
Jackie,Jackie,2016,2017-02-23,"Biography, Drama, History",100,"USA, France, Chile, China, Germany, UK","English, Spanish",Pablo Larraín,"Natalie Portman, Peter Sarsgaard, Greta Gerwig, Billy Crudup, John Hurt, Richard E. Grant, Caspar Phillipson, John Carroll Lynch, Beth Grant, Max Casella, Sara Verhagen, Hélène Kuhn, Deborah Findlay, Corey Johnson, Aidan O'Hare",Following the assassination of President,6.7,71514,$ 9000000,$ 13960394,$ 24270399
Bleed - Più forte del destino,Bleed for This,2016,2017-03-08,"Biography, Drama, Sport",117,USA,"English, French",Ben Younger,"Miles Teller, Aaron Eckhart, Katey Sagal, Ciarán Hinds, Ted Levine, Jordan Gelber, Amanda Clayton, Daniel Sauli, Christine Evangelista, Tina Casciani, Liz Carey, Denise Schaefer, Peter Quillin, Jean Pierre Augustin, Edwin Rodriguez",The inspirational story of World Champion Boxer,6.8,24418,$ 6000000,$ 5083906,$ 6698679
Independence Day - Rigenerazione,Independence Day: Resurgence,2016,2016-09-08,"Action, Adventure, Sci-Fi",120,USA,"English, Mandarin",Roland Emmerich,"Liam Hemsworth, Jeff Goldblum, Jessie T. Usher, Bill Pullman, Maika Monroe, Sela Ward, William Fichtner, Judd Hirsch, Brent Spiner, Patrick St. Esprit, Vivica A. Fox, Angelababy, Charlotte Gainsbourg, Deobia Oparei, Nicolas Wright","Two decades after the first Independence Day invasion, Earth is faced with a new extra-Solar threat. But will mankind's new space defenses be enough?",5.2,163982,$ 165000000,$ 103144286,$ 389681935
Tallulah,Tallulah,2016,2016-07-29,"Comedy, Drama, Romance",111,USA,English,Sian Heder,"Ellen Page, Allison Janney, Tammy Blanchard, Evan Jonigkeit, Felix Solis, David Zayas, Uzo Aduba, Fredric Lehne, Evangeline Ellis, Liliana Ellis, John Benjamin Hickey, Zachary Quinto, Maddie Corman, Eden Marryshow, Oberon K.A. Adjepong","Desperate to be rid of her toddler, a dissatisfied Manhattan housewife hires a stranger to babysit and ends up getting much more than she bargained for.",6.7,17296,,,
Angels in Stardust,Angels in Stardust,2016,2018,"Comedy, Drama",101,USA,English,William Robert Carey,"AJ Michalka, Billy Burke, Alicia Silverstone, Adam Taylor, Amelia Rose Blaire, Michael Spears, Darin Heames, Tyler Riggs, Adam Cagley, Peter Coventry Smith, Kelly Ramel, Dennis Cockrum, Chet Grissom, Chandler Massey, Tim Kahle","An imaginative teenage girl, living in a mystical and dangerous community built on a deserted drive-in movie lot along the Texas/Oklahoma border, struggles to realize her potential, and escape the world she was born into.",5.2,559,,,
Fate,Fate,2016,2016-08-15,"Drama, Sci-Fi, Thriller",95,USA,English,Dan Sheldon,"Daniel Bonjour, Anne Clare Lush, Marshal Hilton, Jerry Hoffman, Laura Shields, Leann Slaby, K.C. Morgan, William Caldwell, Ray Stoney, Ian Jerrell, Adrian Jules, Joanna Bartling, James Adams, Dan Sheldon, Chris Cordola","After the government shuts down his project on time travel, a brilliant quantum physicist must find a way to continue his research in order to travel back in time and prevent his fiance from being killed.",4.9,386,,,
Wild Oats,Wild Oats,2016,2017-06-03,"Action, Adventure, Comedy",86,"Germany, USA","English, Spanish, German",Andy Tennant,"Shirley MacLaine, Jessica Lange, Demi Moore, Ptolemy Slocum, Colin Walker, Robert Collier, Geraldine Singer, Susan Parker, Vincent De Paul, Rachel Deacon, Lynne Ashe, Ben Temple, Marnee Carpenter, Morgan Deare, Chad Gall",Everything changes for Eva when she receives a life insurance check accidentally made out for five million dollars instead of the expected fifty thousand dollars. She and her best friend take the money and head out for the adventure of a lifetime.,5.7,3292,$ 10000000,$ 40598,$ 247949
L'odissea,L'odyssée,2016,2016-10-12,"Adventure, Biography, Drama",122,"France, Belgium","French, English",Jérôme Salle,"Lambert Wilson, Pierre Niney, Audrey Tautou, Laurent Lucas, Benjamin Lavernhe, Vincent Heneine, Thibault de Montalembert, Roger Van Hool, Chloe Hirschman, Adam Neill, Olivier Galfione, Martin Loizillon, Ulysse Stein, Rafaël de Ferran, Chloe Williams","The aquatic adventure of the highly influential and fearlessly ambitious pioneer, innovator, filmmaker, researcher, and conservationist,",6.6,4844,EUR 20000000,,$ 9763264
L'ora più bella,Their Finest,2016,2017-04-14,"Comedy, Drama, Romance",117,"UK, Sweden, France","English, Hungarian, Polish, French",Lone Scherfig,"Sam Claflin, Gemma Arterton, Nicholas Murchie, Richard E. Grant, Henry Goodman, Rachael Stirling, Jack Huston, Bill Nighy, Amanda Root, Patrick Gibson, Darren Clarke, Ed Birch, Lissa Evans, Richard Bevan, Gaby Chiappe","A former secretary, newly appointed as a scriptwriter for propaganda films, joins the cast and crew of a major production while the Blitz rages around them.",6.8,17264,EUR 10000000,$ 3603484,$ 12597262
Everlasting,Everlasting,2016,2016-02-13,"Crime, Drama, Mystery",85,USA,English,Anthony Stabley,"Elisabeth Röhm, Bai Ling, Michael Massee, Robert LaSardo, Valentina de Angelis, Pat Healy, Cortney Palm, Guinevere Turner, Molly Tarlov, David Dayan Fisher, Georgina Cates, Natalie Denise Sperl, Yareli Arizmendi, Bjarne Hecht, Tamzin Brown",A High School Filmmaker travels to Los Angeles to confront the man who murdered his girlfriend.,6.6,1493,,,
A Real Vermeer,A Real Vermeer,2016,2016-11-03,"Biography, Drama, History",115,"Netherlands, Belgium, Luxembourg",Dutch,Rudolf van den Berg,"Jeroen Spitzenberger, Lize Feryn, Roeland Fernhout, Porgy Franssen, Dewi Reijs, Mingus Dagelet, Raymond Thiry, Claude Humbert, Hans Croiset, Viviane de Muynck, Marc Bonert, Hayo De Wilde, Casimiro Fernandes, Éric Gigout, Fabrice Godfroid","The life story of Dutch painter Han van Meegeren, from his beginnings as a rebellious young artist in 1920s Amsterdam to his rise to infamy as one of the most ingenious art forgers of all time.",6.1,396,EUR 3900000,,$ 114647
Trolls,Trolls,2016,2016-10-27,"Animation, Adventure, Comedy",92,USA,English,"Mike Mitchell, Walt Dohrn","Anna Kendrick, Justin Timberlake, Zooey Deschanel, Christopher Mintz-Plasse, Christine Baranski, Russell Brand, Gwen Stefani, John Cleese, James Corden, Jeffrey Tambor, Ron Funches, Aino Jawo, Caroline Hjelt, Kunal Nayyar, Quvenzhané Wallis","After the Bergens invade Troll Village, Poppy, the happiest Troll ever born, and the curmudgeonly Branch set off on a journey to rescue her friends.",6.5,70238,$ 125000000,$ 153707064,$ 346864462
Sausage Party - Vita segreta di una salsiccia,Sausage Party,2016,2016-10-31,"Animation, Adventure, Comedy",89,"USA, Canada",English,"Greg Tiernan, Conrad Vernon","Alistair Abell, Iris Apatow, Sugar Lyn Beard, Michael Cera, Ian James Corlett, Michael Daingerfield, Brian Dobson, Michael Dobson, James Franco, Bill Hader, Ian Hanlin, Salma Hayek, Maryke Hendrikse, Jonah Hill, Anders Holm",A sausage strives to discover the truth about his existence.,6.1,171982,$ 19000000,$ 97685686,$ 140705322
Genius,Genius,2016,2016-11-09,"Biography, Drama",104,"UK, USA",English,Michael Grandage,"Colin Firth, Jude Law, Nicole Kidman, Laura Linney, Guy Pearce, Dominic West, Vanessa Kirby, Gillian Hanna, Angela Sant'Albano, Eve Bracken, Katya Watson, Lorna Doherty, Makenna McBrierty, Miquel Brown, Corey Johnson","A chronicle of Max Perkins's time as the book editor at Scribner, where he oversaw works by",6.6,17408,,$ 1361045,$ 7435006
La festa prima delle feste,Office Christmas Party,2016,2016-12-07,Comedy,105,USA,"English, Russian","Josh Gordon, Will Speck","Jason Bateman, Olivia Munn, T.J. Miller, Jennifer Aniston, Kate McKinnon, Courtney B. Vance, Jillian Bell, Rob Corddry, Vanessa Bayer, Randall Park, Sam Richardson, Karan Soni, Jamie Chung, Abbey Lee, Da'Vine Joy Randolph","When his uptight CEO sister threatens to shut down his branch, the branch manager throws an epic Christmas party in order to land a big client and save the day, but the party gets way out of hand...",5.8,66300,$ 45000000,$ 54767494,$ 114501299
Message from the King,Message from the King,2016,2017-08-04,"Action, Crime, Drama",102,"UK, France, Belgium, USA","English, Armenian",Fabrice du Welz,"Chadwick Boseman, Luke Evans, Alfred Molina, Teresa Palmer, Arthur Darbinyan, Lucan Melkonian, Diego Josef, James Jordan, Roman Mitichyan, Ava Kolker, Drew Powell, Jonno Roberts, Max Daniels, Natalie Martinez, Chris Mulkey","A mysterious outsider from South Africa, named Jacob King, arrives in Los Angeles to look for his missing younger sister.",6.4,11778,$ 10000000,,$ 315132
Codice 999,Triple 9,2016,2016-04-21,"Action, Crime, Thriller",115,USA,"English, Spanish, Russian",John Hillcoat,"Chiwetel Ejiofor, Casey Affleck, Anthony Mackie, Woody Harrelson, Aaron Paul, Kate Winslet, Gal Gadot, Norman Reedus, Teresa Palmer, Michael Kenneth Williams, Clifton Collins Jr., Michelle Ang, Terence Rosemore, Terri Abney, Alexander Babara",A gang of criminals and corrupt cops plan the murder of a police officer in order to pull off their biggest heist yet across town.,6.3,64354,$ 20000000,$ 12639297,$ 23177948
L'uomo dai mille volti,El hombre de las mil caras,2016,2016-09-23,"Biography, Thriller",123,Spain,"Spanish, French, English",Alberto Rodríguez,"Jose Coronado, Eduard Fernández, Miquel García Borda, Santiago Molero, Jimmy Shaw, Craig Stevenson, Rafael Sandoval, Ramón Rados, Emilio Gutiérrez Caba, Mireia Portas, Carlos Santos, Marta Etura, Christian Stamm, Enric Benavent, Philippe Rebbot","The story of a man who fooled an entire country. A tale of cheats and impostors, taking its inspiration from true facts and from one of the most intriguing characters of recent decades: the spy Francisco Paesa.",6.9,6659,EUR 5000000,,$ 3054505
Quando un padre,A Family Man,2016,2017-06-08,Drama,108,"Canada, USA",English,Mark Williams,"Gerard Butler, Gretchen Mol, Alison Brie, Anupam Kher, Alfred Molina, Willem Dafoe, Dylan Roberts, Dustin Milligan, Maxwell Jenkins, Julia Butters, Mimi Kuzyk, Dwain Murphy, Kathleen Munroe, Jess Berry, Tim Hopper","A headhunter whose life revolves around closing deals in a survival-of-the-fittest boiler room, battles his top rival for control of their job placement company -- his dream of owning the company clashing with the needs of his family.",6.5,10155,,,$ 1641235
59 Seconds,59 Seconds,2016,2018-02-27,"Action, Drama, Thriller",95,USA,English,Benedict Dorsey,"Nyell Leahy, Pruitt Taylor Vince, Julito McCullum, Jeremy Fernandez, Ciera Payton, Donzaleigh Abernathy, Octavius J. Johnson, Lloyd Watts, Julius Caba, Nikai Clark, Qasim Clarke, Doc Dougherty, Margaret Ying Drake, Jewel Greenberg, Edwina Hadley","ZayVian, a teenager, guilty over the death of his twin brother, commits negative acts in order to gain the attention of his parents. He seeks absolution for the murder. His ultimate ...",6.8,335,,,
Ethel & Ernest,Ethel & Ernest,2016,2016-10-28,"Animation, Drama, History",94,"UK, Luxembourg",English,Roger Mainwood,"Brenda Blethyn, Pam Ferris, Jim Broadbent, Luke Treadaway, Roger Allam, Harry Collett, Virginia McKenna, Peter Wight, June Brown, Simon Day, Alex Jordan, Gillian Hanna, Duncan Wisbey, Macready Massey, Karyn Claydon","The life and times of the parents of the hailed British graphic novelist, Raymond Briggs.",7.7,2695,,,$ 179227
Sole Proprietor,Sole Proprietor,2016,2016-08-12,"Action, Crime, Drama",91,USA,English,Dan Eberle,"Chris Graham, Alexandra Hellquist, Dan Eberle, Alexandra Chelaru, Jeff Paul, Matt Rocker, Edgar Nicholson, Nick Bixby, Teri Merry, Jarret Garcia, Nick Shields, Dave Coleman, Marco Chiriboga, Rob Richardson, Jay Williams","After faking his own death, a former CIA contractor develops a relationship with a foreign prostitute while awaiting the delivery of his new identity.",4.0,150,,,
Black Tar Road,Black Tar Road,2016,2016-07-28,"Crime, Drama, Romance",85,USA,English,"Amber Dawn Lee, Rob Brownstein","James Black, Maria Olsen, Darin Cooper, Leif Gantvoort, Noelle Messier, Gary Kohn, Lourdes Reynolds, John A. Lorenz, Amber Dawn Lee, Stephanie IsComedy, Jodi Dennithorne, Tony Forsmark, Steve Fite, Adra Janean Fenstermaker, Jennifer Brenon","On a Black Tar Road between nowhere and somewhere, two misunderstood women find love in between the cracks of hardships. And misfortune",3.4,262,$ 1000000,,
La legge dei narcos,Mercury Plains,2016,2017-02-23,"Action, Adventure, Drama",102,USA,"English, Spanish",Charles Burmeister,"Scott Eastwood, Nick Chinlund, Andy Garcia, Jorge A. Jimenez, Justin Arnold, Justin Park, Angela Sarafyan, Keith Poulson, Nicholas Pullara, Miguel Velez, Steven Pritchard, Jonathan Tabler, Brinlee Grace, Katherine Willis, Mark Hanson","A troubled man runs away to Mexico and is recruited to join a paramilitary group of teens fighting the drug cartels. He proves himself to the group, but questions their motive.",4.3,1201,,,
Einstein's God Model,Einstein's God Model,2016,2016-05-11,"Drama, Sci-Fi, Thriller",89,USA,English,Philip T. Johnson,"Aaron Graham, Kirby O'Connell, Kenneth Hughes, Brad Norman, Darryl Warren, Karol Kent, Tiffany Scott, Andy Hannon, Mallory Bordonaro, Darren Stephens, Mike McNamara, Jessica Brooks, M.T. Cozzola, Thomas Herman, Chris Tzoubris","For thousands of years, only religion has offered an answer to what happens after death. Science is about to change that. With the help of a physicist, a blind medium, and Thomas Edison's ...",5.9,975,$ 2000000,,
House of Purgatory,House of Purgatory,2016,2016-10-21,"Horror, Thriller",75,USA,English,Tyler Christensen,"Torey Adkins, Laura Coover, Marika Engelhardt, Brad Fry, Aaron Galvin, Elaine Ivy Harris, Dustin James, Brian Krause, Anne Leighton, Tom Lodewyck, Lisa Musser, Samantha Novak, Danny Rhodes, Catherine Smitko, Evan Vogel","Four teenagers go looking for a legendary haunted house that gives you money back for every floor you can complete. Once finding it, they realize the house is much more terrifying than a ...",4.2,497,$ 200000,,
Teenage Cocktail,Teenage Cocktail,2016,2017-01-15,"Drama, Thriller",88,USA,English,John Carchietta,"Nichole Bloom, Fabianne Therese, Pat Healy, Michelle Borth, Joshua Leonard, AJ Bowen, Zak Henri, Lou Wegner, River Alexander, Laura Covelli, Isaac Salzman, Morgan Peter Brown, Wyntergrace Williams, Shanna Malcolm, Danny Minnick","Feeling confined by their small town and overbearing parents, Annie and Jules hatch a scheme of running away. But as the girls soon find out, consequences can blindside you. Sometimes violently.",5.8,4949,,,
Hands of Stone,Hands of Stone,2016,2016-08-26,"Biography, Drama, Sport",111,"Panama, USA","English, Spanish",Jonathan Jakubowicz,"Edgar Ramírez, Robert De Niro, Usher Raymond, Rubén Blades, Ana de Armas, Pedro Perez, Óscar Jaenada, John Turturro, Ellen Barkin, Jurnee Smollett, Yancey Arias, Drena De Niro, Ilza Ponko, Anthony Molinari, Rick Avery",The legendary Roberto Duran and his equally legendary trainer Ray Arcel change each other's lives.,6.6,14641,$ 20000000,$ 4712792,$ 4978353
Babbo bastardo 2,Bad Santa 2,2016,2016-12-07,"Comedy, Crime, Drama",92,USA,English,Mark Waters,"Billy Bob Thornton, Kathy Bates, Tony Cox, Christina Hendricks, Brett Kelly, Ryan Hansen, Jenny Zigrino, Jeff Skowron, Cristina Rosato, Mike Starr, Octavia Spencer, Ranee Lee, Selah Victor, Lombardo Boyar, Dean Hagopian","Fueled by cheap whiskey, greed and hatred, Willie teams up once again with his angry little sidekick, Marcus, to knock off a Chicago charity on Christmas Eve.",5.6,22115,$ 26000000,$ 17782178,$ 24079268
Gold - La grande truffa,Gold,2016,2017-05-04,"Crime, Drama",120,USA,"English, Indonesian",Stephen Gaghan,"Matthew McConaughey, Edgar Ramírez, Bryce Dallas Howard, Corey Stoll, Toby Kebbell, Bill Camp, Joshua Harto, Timothy Simons, Craig T. Nelson, Macon Blair, Adam LeFevre, Frank Wood, Michael Landes, Bhavesh Patel, Rachael Taylor","Kenny Wells, a prospector desperate for a lucky break, teams up with a similarly eager geologist and sets off on a journey to find gold in the uncharted jungle of Indonesia.",6.7,55550,$ 20000000,$ 7227038,$ 14880939
The Night Stalker,The Night Stalker,2016,2016-06-12,"Crime, Drama, Mystery",89,USA,English,Megan Griffiths,"Bellamy Young, Lou Diamond Phillips, Benjamin Barrett, Louis Herthum, Annalisa Cochrane, Hawthorne James, Jennifer Lafleur, Eddie Martinez, Alice Rietveld, Eddie Ramos, Austin Fryberger, Linas Phillips, Janine Larina, Elester Latham, Bernardo Badillo",An account of serial killer Richard Ramírez and his rampage in California during the mid-1980s.,5.9,593,,,
Nonno scatenato,Dirty Grandpa,2016,2016-04-13,Comedy,102,"USA, UK",English,Dan Mazer,"Robert De Niro, Zac Efron, Zoey Deutch, Aubrey Plaza, Jason Mantzoukas, Dermot Mulroney, Julianne Hough, Jeffrey Bowyer-Chapman, Brandon Mychal Smith, Jake Picking, Michael Hudson, Adam Pally, Mo Collins, Henry Zebrowski, Danny Glover","Right before his wedding, an uptight guy is tricked into driving his grandfather, a lecherous former Army Lieutenant Colonel, to Florida for Spring Break.",5.9,110705,$ 25000000,$ 35593113,$ 94073028
Deepwater: Inferno sull'oceano,Deepwater Horizon,2016,2016-10-06,"Action, Drama, History",107,"Hong Kong, China, USA",English,Peter Berg,"Mark Wahlberg, Kurt Russell, Douglas M. Griffin, James DuMont, Joe Chrest, Gina Rodriguez, Brad Leland, John Malkovich, David Maldonado, J.D. Evermore, Ethan Suplee, Jason Pine, Jason Kirkpatrick, Robert Walker Branchaud, Dylan O'Brien","A dramatization of the disaster in April 2010, when the offshore drilling rig called the Deepwater Horizon exploded, resulting in the worst oil spill in American history.",7.1,146987,$ 110000000,$ 61433527,$ 121790373
Mind's Eye,Mind's Eye,2016,2016-12-02,"Sci-Fi, Thriller",111,USA,English,Mark Steven Grove,"Malcolm McDowell, Dean Cain, Izzie Steele, Natalie Distler, Jesse Kove, Aaron Perilo, Lucine Fyelon, Kristin Keating, Andrew Trainor, Migina Tsai, Darla Rae, Linda Swanson Brown, Kevin Sean Ryan, Don Kraus, David William Murray Fisher",A sci-fi/thriller centered on a high school violinist who witnesses the collapse of space and time.,2.8,383,$ 800000,,
The Darkness,The Darkness,2016,2016-05-13,"Horror, Thriller",92,USA,English,Greg McLean,"Kevin Bacon, Radha Mitchell, David Mazouz, Lucy Fry, Matt Walsh, Jennifer Morrison, Parker Mack, Paul Reiser, Ming-Na Wen, Trian Long Smith, Tara Lynne Barr, Krista Marie Yu, Christopher Darga, Judith McConnell, Ilza Ponko","A family unknowingly awakens an ancient supernatural entity on a Grand Canyon vacation, and must fight for survival when it follows them home.",4.4,14464,$ 4000000,$ 10753574,$ 10898293
17 anni (e come uscirne vivi),The Edge of Seventeen,2016,2017-03-30,"Comedy, Drama",104,"USA, China",English,Kelly Fremon Craig,"Hailee Steinfeld, Haley Lu Richardson, Blake Jenner, Kyra Sedgwick, Woody Harrelson, Hayden Szeto, Alexander Calvert, Eric Keenleyside, Nesta Cooper, Daniel Bacon, Lina Renna, Ava Grace Cooper, Christian Michael Cooper, Jena Skodje, Josh Simpson","High-school life gets even more unbearable for Nadine when her best friend, Krista, starts dating her older brother.",7.3,100655,$ 9000000,$ 14431633,$ 19370020
Buddha in a Traffic Jam,Buddha in a Traffic Jam,2016,2016-05-13,"Crime, Thriller",114,India,"Hindi, English",Vivek Agnihotri,"Aanchal Dwivedi, Mahie Gill, Pallavi Joshi, Anupam Kher, Arunoday Singh, Gopal Singh, Indal Singh, Vivek Vaswani",Vikram Pandit (Arunoday Singh) a student of the Indian Institute of Business becomes the blue-eyed boy of Professor Jamshed Batki (Anupam Kher). Under Batki's influence Vikram starts public...,6.6,2143,INR 20000000,,
Brimstone,Brimstone,2016,2017-01-12,"Drama, Mystery, Thriller",148,"Netherlands, France, Germany, Belgium, Sweden, UK, USA","English, Dutch",Martin Koolhoven,"Guy Pearce, Dakota Fanning, Emilia Jones, Carice van Houten, Kit Harington, Paul Anderson, William Houston, Charlotte Croft, Ivy George, Bill Tangradi, Jack Roth, Jack Hollington, Carla Juri, Vera Vitali, Naomi Battrick","From the moment the new reverend climbs the pulpit, Liz knows she and her family are in great danger.",7.1,35058,EUR 12000000,,$ 2140941
Dark crimes,True Crimes,2016,2018-09-06,"Crime, Drama, Thriller",92,"USA, Poland, UK",English,Alexandros Avranas,"Jim Carrey, Marton Csokas, Charlotte Gainsbourg, Kati Outinen, Vlad Ivanov, Robert Wieckiewicz, Agata Kulesza, Piotr Glowacki, Julia Gdula, Zbigniew Zamachowski, Danuta Kowalska, Zygmunt Jozefczak, Marianna Figurska, Anna Polony, Marcin Stec","A murder investigation of a slain businessman turns to clues found in an author's book about an eerily similar crime. Based on the 2008 article ""True Crimes - A Postmodern Murder Mystery"" by",4.8,13766,EUR 3800000,,$ 25396
Big Fish & Begonia,Da Yu Hai Tang,2016,2018-06-21,"Animation, Adventure, Drama",100,China,Mandarin,"Xuan Liang, Chun Zhang","Guanlin Ji, Shangqing Su, Timmy Xu, Shulan Pan, Yuanyuan Zhang, Jiu'er, Lifang Xue, Jie Zhang, Xiaoyu Liu, Zhongyang Baomu, Yu Cheng, JB Blanc, Johnny Yong Bosch, Greg Chun, Cam Clarke",A 16-year-old girl travels to the human world in the form of a dolphin and forms a connection with a human boy.,7.1,4460,CNY 30000000,,$ 85557721
All Out Dysfunktion!,All Out Dysfunktion!,2016,1984-09-17,"Comedy, Drama",85,USA,English,Ryan LeMasters,"Geraldine Viswanathan, Ron Jeremy, Isaac C. Singleton Jr., Bridgette B., Rene Rosado, Gerry Bednob, Arthur Napiontek, Kyle Weishaar, Alex Hafner, Josh Plasse, David Bianchi, Gregory Blair, Kavi Raz, Vincent De Paul, Angelica Cassidy","Five narcissistic roommates rife with animosity hastily conspire to pull off an underground rave party, without their elderly landlady knowing about it. Things spiral out of control and everyone gets a little more than they bargained for.",2.8,340,$ 1000000,,
Miss Peregrine - La casa dei ragazzi speciali,Miss Peregrine's Home for Peculiar Children,2016,2016-12-15,"Adventure, Drama, Family",127,"USA, UK, Belgium, Canada",English,Tim Burton,"Eva Green, Asa Butterfield, Samuel L. Jackson, Judi Dench, Rupert Everett, Allison Janney, Chris O'Dowd, Terence Stamp, Ella Purnell, Finlay MacMillan, Lauren McCrostie, Hayden Keeler-Stone, Georgia Pemberton, Milo Parker, Raffiella Chapman","When Jacob (Asa Butterfield) discovers clues to a mystery that stretches across time, he finds Miss Peregrine's Home for Peculiar Children. But the danger deepens after he gets to know the residents and learns about their special powers.",6.7,151879,$ 110000000,$ 87242834,$ 296482446
Battle B-Boy,Battle B-Boy,2016,2016-12-18,"Action, Comedy, Sport",89,USA,English,Frank Lin,"Jae Phan, Alison Dahlstrom, Ricky Cole, Richie Greenfield, Ingel Catindig, Megan Le, Shauna Baker, Shannon Baker, Karen Jin Beck, Jordan Lawson, Sheila Fielhawer, Kelsey Wang, Grant Garry, Erica Majtenyi, Matt Kohler",A group of talented but financially struggling B-Boys join an underground fighting ring in Downtown Los Angeles that uses Hip-Hop music and Break dancing to battle for money. To save the ...,2.9,110,$ 1850000,,
"Mozart, un cane per due",Who Gets the Dog?,2016,2016-09-13,Comedy,95,USA,English,Huck Botko,"Ryan Kwanten, Alicia Silverstone, Randall Batinkoff, Matty Ryan, Rachel Cerda, Devin Bethea, Amy J. Carle, Patrick Zielinski, Maury Cooper, Lorena Diaz, Felicia Fields, Danny Rhodes, Scott Silver, Dexter Zollicoffer, Danielle Puterbaugh",A couple going through a divorce squabble over custody of their beloved dog.,4.9,1244,,,$ 827884
City of Tiny Lights,City of Tiny Lights,2016,2017-04-07,"Crime, Drama, Thriller",110,UK,English,Pete Travis,"Riz Ahmed, Billie Piper, James Krishna Floyd, Cush Jumbo, Roshan Seth, Hannah Rae, Antonio Aakeel, Reiss Kershi, Vincent Regan, Danny Webb, Ram John Holder, Damson Idris, Branko Tomovic, George Sargeant, Alexander Siddig","In the teeming, multicultural metropolis of modern-day London, a seemingly straightforward missing-person case launches a down-at-heel private eye into a dangerous world of religious fanaticism and political intrigue.",5.5,1825,GBP 3000000,,$ 54903
The Comedian,The Comedian,2016,2017-02-03,"Comedy, Drama, Romance",120,USA,English,Taylor Hackford,"Robert De Niro, Leslie Mann, Harvey Keitel, Edie Falco, Danny DeVito, Patti LuPone, Charles Grodin, Cloris Leachman, Lucy DeVito, Billy Crystal, Veronica Ferres, Lois Smith, Marylouise Burke, Stewart Steinberg, Tom Morrissey",A look at the life of an aging insult comic named Jack Burke.,5.7,6592,$ 15000000,$ 1659002,$ 1659002
The Neon Demon,The Neon Demon,2016,2016-06-08,"Horror, Thriller",117,"USA, Belgium, Denmark, France",English,Nicolas Winding Refn,"Elle Fanning, Karl Glusman, Jena Malone, Bella Heathcote, Abbey Lee, Desmond Harrington, Christina Hendricks, Keanu Reeves, Charles Baker, Jamie Clayton, Stacey Danger, Rebecca Dayan, Helen Wilson, Houda Shretah, Taylor Hill","An aspiring model, Jesse, is new to Los Angeles. However, her beauty and youth, which generate intense fascination and jealousy within the fashion industry, may prove themselves sinister.",6.2,81493,$ 7000000,$ 1333124,$ 3377430
L'eccezione alla regola,Rules Don't Apply,2016,2017-04-27,"Comedy, Drama, Romance",127,USA,English,Warren Beatty,"Steve Tom, Paul Sorvino, Peter Mackenzie, Ivar Brogger, Dan Desmond, Alden Ehrenreich, Matthew Broderick, Candice Bergen, Martin Sheen, Hart Bochner, Karl Florine, Annette Bening, Lily Collins, Madisyn Ritland, Louise Linton","The unconventional love story of an aspiring actress, her ambitious driver, and their eccentric boss, the legendary billionaire",5.7,9328,$ 25000000,$ 3652206,$ 3885342
Anomalous,Anomalous,2016,2016-04-08,"Fantasy, Horror, Thriller",100,"Spain, USA",English,Hugo Stuven,"Lluís Homar, Christy Escobar, Edgar Fox, Adria Arjona, Ben Temple, Julio Perillán, Gonzalo Bouza, Valerio Da Silva, Soraya Padrao, Jaime Puerta, Jeffrey Alan Solomon, Henri Douvry, Jean Rance, Lucas Atienza, Carlos Lázaro Hall",A young schizophrenic who felt threatened by a presence he was unable to define turns up gruesomely dead in his bathtub.,4.6,435,,,$ 8462
Le Sequel,Le Sequel,2016,2016-11-11,"Comedy, Horror, Sci-Fi",90,UK,English,Jason Croot,"Kyri Saphiris, Seye Adelekan, Aiko Horiuchi, Denise Moreno, Leila Reid, Hadrien Mekki, Victoria Hopkins, Eleanor James, Julian Lamoral-Roberts, Ian Cullen, Jack W. Carter, Catherine Balavage, Sean Earl McPherson, Jason Croot, Natalie Marie Ames","After the disaster of Le Fear, director Carlos Revalos decides to make a sequel with a bigger budget. What could go wrong? Simply everything.",6.5,1189,,,
Angry Birds - Il film,Angry Birds,2016,2016-06-15,"Animation, Action, Adventure",97,"Finland, USA",English,"Clay Kaytis, Fergal Reilly","Jason Sudeikis, Josh Gad, Danny McBride, Maya Rudolph, Bill Hader, Peter Dinklage, Sean Penn, Keegan-Michael Key, Kate McKinnon, Tony Hale, Hannibal Buress, Ike Barinholtz, Tituss Burgess, Ian Hecox, Anthony Padilla","When an island populated by happy, flightless birds is visited by mysterious green piggies, it's up to three unlikely outcasts - Red, Chuck and Bomb - to figure out what the pigs are up to.",6.3,78294,$ 73000000,$ 107509366,$ 352333929
Surge of Power: Revenge of the Sequel,Surge of Power: Revenge of the Sequel,2016,2017-09-02,"Action, Comedy",90,USA,English,"Antonio Lexerot, Vincent J. Roth","Eric Roberts, Austin St. John, Nicholas Brendon, Karan Ashley, Kathy Garver, Tony Arias, Tiffany Marie Austin, Detria Qtpye Baker, George Balgan, Little Bear, Linda Blair, Rita Bliss, Jordan Bringhurst, Reb Brown, Ashley Erin Campbell","Surge leaves his home town, Big City, to pursue his arch enemy headed to Las Vegas to find mysterious crystals key to the diabolical plan of an even greater super villain, which erupts in a battle on Hoover Dam and back in Big City.",5.1,115,$ 200000,,
Bert and Arnie's Guide to Friendship,Bert and Arnie's Guide to Friendship,2016,2017,Comedy,87,USA,English,Jeff Kaplan,"Matt Oberg, Stephen Schneider, Anna Chlumsky, Adrian Martinez, Cristin Milioti, Debargo Sanyal, Bree Sharp, Brandi Nicole Wilson, Ali Reza, Emily Ackerman, Leslie Meisel, Ariya Ghahramani, Geoffrey Cantor, Mitchell McGuire, Gameela Wright","When Bert discovers that Arnie is sleeping with his wife, the two begin an unlikely friendship.",5.0,295,,,
Il traditore tipo,Our Kind of Traitor,2016,2016-05-05,"Crime, Drama, Thriller",108,"UK, France, USA","English, Russian, French",Susanna White,"Carlos Acosta, Radivoje Bukvic, Stellan Skarsgård, Mariya Fomina, Dolya Gavanski, Grigoriy Dobrygin, Velibor Topic, Pawel Szajda, Ewan McGregor, Naomie Harris, Alec Utgoff, Marek Oravec, Mihhail Sibul, Jana Pérez, Tony Tennant","A couple finds themselves lured into a Russian oligarch's plans to defect, and are soon positioned between the Russian Mafia and the British Secret Service, neither of whom they can trust.",6.2,19669,,$ 3153157,$ 10711027
Trafficanti,War Dogs,2016,2016-09-15,"Biography, Comedy, Crime",114,"USA, Cambodia, Romania","English, Arabic, Albanian, Romanian",Todd Phillips,"Miles Teller, Steve Lantz, Gregg Weiner, David Packouz, Eddie Jemison, Julian Sergi, Daniel Berson, Jonah Hill, Edson Jean, Daimion Johnson, Bethuel Fletcher, Ana de Armas, Kevin Pollak, Gabriela Alvarez, Dan Bilzerian","Loosely based on the true story of two young men, David Packouz and Efraim Diveroli, who won a three hundred million dollar contract from the Pentagon to arm America's allies in Afghanistan.",7.1,172234,$ 40000000,$ 43034523,$ 86234523
The Blueberry Hunt,The Blueberry Hunt,2016,2016-04-08,"Action, Thriller",110,India,"English, Hindi",Anup Kurian,"Kartik Elangovan, Vinay Forrt, Aahana Kumra, P.T. Manoj, Yadu Sankalia, Naseeruddin Shah, Vipin Sharma, Sridevi, Tippu, P.J. Unnikrishnan","The film centers on a recluse known as ""Colonel"" and the final five days when Colonel's plantation of a high potency variant of marijuana gets ready for harvest.",5.7,189,INR 12500000,,
Vlaznost,Vlaznost,2016,2016-03-03,"Drama, Mystery",113,"Serbia, Netherlands, Greece","Serbian, English, French",Nikola Ljuca,"Milos Timotijevic, Tamara Krcunovic, Maria Kraakman, Katarina Markovic, Dragan Bakema, Milan Maric, Slaven Doslo, Vladimir Aleksic, Jasna Beri, Slavisa Curovic, Vanja Ejdus, Biljana Keskenovic, Milica Majkic, Matea Milosavljevic, Veljko Knezevic","The wife of a successful construction manager has disappeared after an ordinary morning in Belgrade. He is assured she will come back and continues with life, as usual. But, maybe she is just the first of the collapsed dominoes.",5.9,744,,,
L'ultima tempesta,The Finest Hours,2016,2016-03-31,"Action, Drama, History",117,USA,English,Craig Gillespie,"Chris Pine, Casey Affleck, Ben Foster, Eric Bana, Holliday Grainger, John Ortiz, Kyle Gallner, John Magaro, Graham McTavish, Michael Raymond-James, Beau Knapp, Josh Stewart, Abraham Benrubi, Keiynan Lonsdale, Rachel Brosnahan",The Coast Guard makes a daring rescue attempt off the coast of Cape Cod after a pair of oil tankers are destroyed during a blizzard in 1952.,6.8,60434,$ 80000000,$ 27569558,$ 52099090
Six Gun Savior,Six Gun Savior,2016,2016-07-05,"Action, Adventure, Drama",100,USA,English,Kirk Murray,"Eric Roberts, Martin Kove, Matthew Ziff, Tim Russ, Lorraine Ziff, Michelle Rose, Jason Matthew Smith, Luciana Carro, Adam LeClair, Blaine Gray, Kaleo Griffith, Maya Tremblay, Anthony De Longis, Paul Borghese, Jackie R. Jacobson",The road to hell is paved with good intentions.,3.1,187,$ 2500000,,
USS Indianapolis,USS Indianapolis: Men of Courage,2016,2017-07-19,"Action, Drama, History",128,USA,"English, Japanese",Mario Van Peebles,"Nicolas Cage, Tom Sizemore, Thomas Jane, Matt Lanter, James Remar, Brian Presley, Yutaka Takeuchi, Johnny Wactor, Adam Scott Miller, Cody Walker, Callard Harris, Craig Tate, Joey Capone, Emily Tennant, Shamar Sanders","During World War II, an American navy ship is sunk by a Japanese submarine leaving 890 crewmen stranded in shark infested waters.",5.2,11051,$ 40000000,,$ 2158568
The great wall,The Great Wall,2016,2017-02-23,"Action, Adventure, Fantasy",103,"USA, China, Hong Kong, Australia, Canada","English, Mandarin, Spanish",Yimou Zhang,"Matt Damon, Tian Jing, Willem Dafoe, Andy Lau, Pedro Pascal, Hanyu Zhang, Han Lu, Kenny Lin, Eddie Peng, Xuan Huang, Ryan Zheng, Karry Wang, Cheney Chen, Pilou Asbæk, Numan Acar","In ancient China, a group of European mercenaries encounters a secret army that maintains and defends the Great Wall of China against a horde of monstrous creatures.",5.9,121995,$ 150000000,$ 45540830,$ 334933831
It Watches,It Watches,2016,2016-12-06,Thriller,79,USA,English,Dave Parker,"Ivan Djurovic, Rick Irwin, Sanny van Heteren, James Duval, Mary Balser, Christiann Castellanos, Stephen Chang, Cassandra Church, Matt Clifton, Jose Daniel Figueroa, Kaylen Davidson, Elissa Dowling, Jason Duron, Emma Julia Jacobs, Melissa McCarty","Andre, recovering from a recent accident, agrees to help his friend Robert by taking over a house sitting job at a creepy home nestled in the hills above Los Angeles. As night comes, the ...",4.1,543,,,
Chokeslam,Chokeslam,2016,2017-02-10,Comedy,102,Canada,,Robert Cuffley,"Chris Marquette, Amanda Crew, Michael Eklund, Niall Matter, Gwynyth Walsh, Mick Foley, Harry Smith, Paul James Saunders, Barry Flatman, Chelsea Anne Green, Graham Bell, Agam Darshi, Meghan Heffern, Ryland Alexander, Marc Berube","A mild-mannered deli clerk finally gets a second chance to pursue his high school sweetheart, a notorious female professional wrestler, when she returns for their ten-year reunion.",4.6,350,,,
Sacrifice,Sacrifice,2016,2016-04-29,"Crime, Horror, Mystery",91,"Ireland, Germany, USA",English,Peter A. Dowling,"Radha Mitchell, Rupert Graves, Ian McElhinney, David Robb, Hilary Rose, Joanne Crawford, Liam Carney, Conor Mullen, Declan Conlon, Peter Vollebregt, Deirdre Monaghan, Aron Hegarty, Lesa Thurman, Paul Alan Walsh, Rachel Oliva","After digging up a bizzarly mutilated corpse on her land, physician Tora Hamilton uncovers a lethal connection to ancient pagan rituals.",5.3,4126,,,$ 22504
Better Off Single,Better Off Single,2016,2016-10-07,Comedy,85,USA,English,Benjamin Cox,"Aaron Tveit, Abby Elliott, Lauren Miller Rogen, Kal Penn, Shane McRae, Kelen Coleman, Chris Elliott, Lewis Black, Annaleigh Ashford, Ben Rappaport, Elizabeth Alderfer, Haviland Morris, Brooks Wheelan, Katie O'Grady, Kate Linder","""Better Off Single"" is the NYC dating comedy that follows one man's hallucination-fueled post-breakup quest to find new love...and himself.",4.2,724,,,
The Tell-Tale Heart,The Tell-Tale Heart,2016,2016-04-05,Thriller,81,USA,English,John La Tier,"Patrick John Flueger, Rose McGowan, Peter Bogdanovich, Jacob Vargas, Damon Whitaker, Robin Hardy, Nick Jones Jr., Scott Kodrik, Evgeny Krutov, Tony Senzamici","A haunting account of a tormented man who continually re-admits himself into a medical facility, in a futile attempt to escape from his pending madness. Based on Edgar Allan Poe's poem ""The Tell-Tale Heart"".",3.5,247,,,
Elvis & Nixon,Elvis & Nixon,2016,2016-09-22,"Comedy, History",86,USA,English,Liza Johnson,"Michael Shannon, Kevin Spacey, Alex Pettyfer, Johnny Knoxville, Colin Hanks, Evan Peters, Sky Ferreira, Tracy Letts, Tate Donovan, Ashley Benson, Kamal Angelo Bolden, Ahna O'Reilly, Ian Hoch, Ritchie Montgomery, Nathalie Love",The untold true story behind the meeting between,6.4,12831,,$ 1055287,$ 1798432
Woven,Woven,2016,2018-12-14,"Crime, Drama, Mystery",96,USA,English,"Nagwa Ibrahim, Salome Mulugeta","Salome Mulugeta, Ryan O'Nan, Ryan Spahn, Larisa Polonsky, Alemtsehay Wedajo, Vincent Agnello, Tibebe Solomon Borga, Anthony Aquilino, Etsegenet Anteneh, Setegn Atena, Jonny Cash, Michael De Nola, Anya Denisova, Marlin Garcia, Zelalem Gedion","Ethiopian-born Elenie struggles to integrate her mother's traditions with her own American dreams. When a tragic accident thrusts her into the life of American-born Logan, Elenie realizes that one's search for a sense of place is universal.",4.9,134,,,
Assassin's Creed,Assassin's Creed,2016,2017-01-04,"Action, Adventure, Sci-Fi",115,"USA, France, UK, Hong Kong, Taiwan, Malta","English, Spanish, Arabic",Justin Kurzel,"Michael Fassbender, Marion Cotillard, Jeremy Irons, Brendan Gleeson, Charlotte Rampling, Michael Kenneth Williams, Denis Ménochet, Ariane Labed, Khalid Abdalla, Essie Davis, Matias Varela, Callum Turner, Carlos Bardem, Javier Gutiérrez, Hovik Keuchkerian","Callum Lynch explores the memories of his ancestor Aguilar de Nerha and gains the skills of a Master Assassin, before taking on the secret Templar society.",5.7,181433,$ 125000000,$ 54647948,$ 240697856
Gearheads,Gearheads,2016,2016-01-15,Action,82,USA,English,John O. Hartman,"Massimo Lista, Stuart Stone, Emily Peachey, Alanna Janell, Jack Davis, Sean Derry, Jeffrey Carpenter, Joe Cheeta, Jarrod DiGiorgi, Alana Hixson, Cindy Jackson, Peter Lawson Jones, Tammy Mahon, Mikey McBride, Nancy Mimless","A mysterious mentor helps a conflicted teen overcome his fear of driving, and win the race of his life at the local dirt track in Smalltown, USA.",3.4,214,,,
Dead South,Dead South,2016,2016,"Action, Drama, Horror",108,USA,English,Craig Ross Jr.,"Matthew Marsden, Samuel Hunt, John Savage, Elizabeth McLaughlin, Ray Stoney, V.J. Foster, Nathanyael Grey, Carl Gilliard, Ritchie Montgomery, Dwight Williams, Dale Gibson, Rusty Jenkins, Colby Passman, Myke Michaels, Michael Anthony",In the wake of the American Civil War two vampires rise and fight to reclaim their land from the inhabitants of a sleepy Southern town.,2.8,117,,,
Spectral,Spectral,2016,2016-12-09,"Action, Adventure, Sci-Fi",107,"USA, Hungary","English, Russian, Romanian, Slovenian",Nic Mathieu,"James Badge Dale, Emily Mortimer, Bruce Greenwood, Max Martini, Cory Hardrict, Clayne Crawford, Gonzalo Menendez, Ursula Parker, Aaron Serban, Stephen Root, Jimmy Akingbola, Tsogbaatar Batzorig, Mike Bodie, Philip Bulcock, Miklós Bányai",A sci-fi/thriller story centered on a special-ops team that is dispatched to fight supernatural beings.,6.3,50288,$ 70000000,,
Absolutely Fabulous - Il film,Absolutely Fabulous: The Movie,2016,2017-02-16,"Comedy, Crime",91,"UK, USA","English, French",Mandie Fletcher,"Lulu, Gwendoline Christie, Jennifer Saunders, Joanna Lumley, Julia Sawalha, Indeyarna Donaldson-Holness, Jane Horrocks, June Whitfield, Mo Gaffney, Christopher Ryan, Mark Gatiss, Graham Norton, Nick Mohammed, Kathy Burke, Celia Imrie",After attracting both media and police attention for accidentally knocking,5.4,11629,,$ 4772155,$ 39219109
La battaglia di Hacksaw Ridge,Hacksaw Ridge,2016,2017-02-02,"Biography, Drama, History",139,"Australia, USA","English, Japanese",Mel Gibson,"Andrew Garfield, Richard Pyros, Jacob Warner, Milo Gibson, Darcy Bryce, Roman Guerriero, James Lugton, Kasia Stelmach, Hugo Weaving, Rachel Griffiths, Jarin Towney, Tim McGarry, Tyler Coppin, Teresa Palmer, Richard Platt",World War II American Army Medic,8.1,418336,$ 40000000,$ 67209615,$ 180450918
Hickey,Hickey,2016,2016-02-19,Comedy,85,USA,English,Alex Grossman,"Troy Doherty, Flavia Camilla, Raychel Diane Weiner, Zedrick Restauro, Alex Ashbaugh, Ross Mackenzie, Nicholas Azarian, Danny Chambers, Lynne Marie Stewart, Brennan Murray, Janie Haddad Tompkins, Tommy 'Tiny' Lister, Emily Berry, Benjamin J. Cain Jr., Jessica Chaffin","Brilliant but insecure, young Ryan has 24 hours to save the store he hates in order to win the heart of the girl he loves.",3.9,226,,,
Autobahn - Fuori controllo,Collide,2016,2017-02-16,"Action, Crime, Thriller",99,"UK, Germany, China, USA","English, German",Eran Creevy,"Nicholas Hoult, Felicity Jones, Anthony Hopkins, Ben Kingsley, Marwan Kenzari, Aleksandar Jovanovic, Christian Rubeck, Erdal Yildiz, Clemens Schick, Johnny Palmiero, Ben Hecker, Joachim Król, Markus Andreas Klauk, Michael Epp, Christina Hecke","An American backpacker gets involved with a ring of drug smugglers as their driver, though he winds up on the run from his employers across Cologne high-speed Autobahn.",5.7,14662,$ 21500000,$ 2280004,$ 6817535
Rock On 2,Rock On 2,2016,2016-11-11,"Drama, Music",143,India,Hindi,Shujaat Saudagar,"Farhan Akhtar, Shraddha Kapoor, Arjun Rampal, Purab Kohli, Prachi Desai, Shashank Arora, Shahana Goswami, Akshay Bhagat, Naveen Bhagiya, Vishal Dadlani, Manka Kaur, Luke Kenny, Dinesh Kumar, Salim Merchant, Kumud Mishra","The band, Magik reunites with some new members.",5.0,1895,,$ 98868,$ 139173
The Accountant,The Accountant,2016,2016-10-27,"Action, Crime, Drama",128,USA,"English, Indonesian, French",Gavin O'Connor,"Ben Affleck, Anna Kendrick, J.K. Simmons, Jon Bernthal, Jeffrey Tambor, Cynthia Addai-Robinson, John Lithgow, Jean Smart, Andy Umberger, Alison Wright, Jason Davis, Robert C. Treveiler, Mary Kraft, Seth Lee, Jake Presley","As a math savant uncooks the books for a new client, the Treasury Department closes in on his activities, and the body count starts to rise.",7.3,253669,$ 44000000,$ 86260045,$ 155160045
Good Kids,Good Kids,2016,2016-10-21,"Comedy, Drama",86,USA,"English, French, Japanese",Chris McCoy,"Nicholas Braun, Zoey Deutch, Mateo Arias, Israel Broussard, Ashley Judd, Demián Bichir, David Coussins, Tasie Lawrence, Dayo Okeniyi, Julia Garner, Kevin Chapman, Virginia Gardner, Stephanie Fantauzzi, Paula Plum, John Rothman",Four high school students look to redefine themselves after graduation.,6.1,9123,$ 3000000,,$ 23627
A Remarkable Life,A Remarkable Life,2016,2016,"Drama, Music, Romance",97,USA,English,Vohn Regensburger,"Chris Bruno, Marie Avgeropoulos, Daphne Zuniga, Mark Margolis, Dylan Bruno, John O'Hurley, Helen Slater, Jack Horan, Eric Roberts, Sean McNabb, Marina Hova, Jonah Isaac Abrams, Lance Coughlin, Greg Cronin, Kasha Fauscett",Chelsea helps Leny overcome his life from a down-spin as his reality comes crashing down after he discovers his wife in bed with another woman .,4.6,121,,,
Le gang des Antillais,Le gang des Antillais,2016,2016-11-30,Thriller,90,France,,Jean-Claude Flamand-Barny,"Djédjé Apali, Eriq Ebouaney, Adama Niane, Zoé Charron, Vincent Vermignon, Zita Hanrot, Djibril Pavadé, Lise Lomi, Karim Belkhadra, Jocelyne Béroard, Mathieu Kassovitz, Lucien Jean-Baptiste, Romane Bohringer, Julien Courbey, Cyril Gueï","A gun to be heard, a pen to make yourself understood. The identical course of four young West Indians men who arrived to Paris in the 70's.",5.2,218,,,$ 106526
After the Rain,After the Rain,2016,2016-09-10,Drama,95,USA,English,Daniel Bonjour,"Daniel Bonjour, Jelly Howie, Catherine Hicks, Ida Anderson, Potsch Boyd, Rachel Ann Courtney, Victoria Cruz, Edward Finlay, Steve Franken, Howard Gibson, Chris Jarvis, Henry LeBlanc, Laura Ornelas, Roy Vongtama, Barrie Wild",A young man at the end of his life tries to find hope and meaning through the relationships he will leave behind.,6.0,160,$ 180000,,
Robot Wars,Robot Wars,2016,2016-10-05,Sci-Fi,95,USA,English,William L. Stewart,"Ben Naasz, Teddy Cañez, Jennifer Sydney, Faye Kingslee, Aaron Moreland, Javier Calderon, Willie Bingo, Roy C. Patterson, William V. Crouch, Roberto Diaz, Krissy Kapp, Lou Pimber, MarcAnthony Pimber","In a dystopian near future, a corporate heist goes wrong and the team members struggle to survive a desperate escape through the apocalyptic sprawl with their stolen prize, a weapon of ...",2.3,157,,,
Riddle Room,Riddle Room,2016,2016-02-16,Horror,80,USA,English,Bryan Binder,"Joe Cady, Peter Carey, Barbara Epstein, Phil Gawel, Erika Hoveland, Tiren Jhames, Ava Manson, Marisa Ruby, Daniel Usaj, Dick Ward","Emily Burns is being held captive in a room with no idea as to why or how she got there. Determined to escape and return to her daughter and husband, Emily discovers clues within the room ...",2.9,394,,,
Long Nights Short Mornings,Long Nights Short Mornings,2016,2017-01-24,"Drama, Romance",100,USA,English,Chadd Harbold,"Shiloh Fernandez, Ella Rae Peck, Paten Hughes, Layla Khosh, Christine Evangelista, Cassandra Freeman, Helen Rogers, Stella Maeve, Natalia Dyer, Ebonee Noel, Addison Timlin, Justin Fischer, Ben Perry, Joe Koplowitz, Brett Davis","An examination of the romantic life of a young man in New York City and his sometimes fleeting, sometimes profound experiences with the women he encounters.",5.4,871,,,
Bachelor Games,Bachelor Games,2016,2016-07-08,"Action, Adventure, Comedy",86,"UK, Argentina",English,Edward McGown,"Charlie Bewley, Jack Doolan, Jack Gordon, Obi Abili, Mike Noble, Daniel Elías","A group of friends on a stag weekend in the mountains of Argentina are picked off by a dark force called ""The Hunter"", but all is not what it seems.",4.3,421,,,
La 4ª Compañía,La 4ª Compañía,2016,2018-04-05,"Action, Crime, Drama",109,"Mexico, Spain",Spanish,"Mitzi Vanessa Arreola, Amir Galván Cervera","Adrian Ladron, Andoni Gracia, Hernán Mendoza, Gabino Rodríguez, Darío T. Pie, Manuel Ojeda, Carlos Valencia, Raymundo Reyes Moreno, Juan Carlos Flores, Horacio Garcia Rojas, Guillermo Ríos, Erando González, Josepho Rodríguez, José Sefami, Julio Casado","Zambrano is a juvenile offender that when arrives to the penitentiary only longs to join a football team, Los Perros. Such illusion ends up involving him with the organized crime under the ...",6.2,686,,,$ 158560
La route d'Istanbul,La route d'Istanbul,2016,2016-11-24,"Drama, Thriller",92,"France, Belgium",French,Rachid Bouchareb,"Astrid Whettnall, Pauline Burlet, Patricia Ide, Abel Jafri, Fawzi B. Saichi, Consolate Siperius, Bilal Aya, Safya Latrèche, Mathieu Nkosi, Rachida Chbani, Hamadi El Boubsi, Bernard Boudru, Karim Hamzaoui, Mourad Khen, Louisa Nehar","Elisabeth lives with her daughter Elodie in Belgium. When the police inform her that her daughter has left the country to join the ranks of Islamic State in Syria, she begins to investigate.",6.1,194,EUR 2900000,,$ 70525
When the Starlight Ends,When the Starlight Ends,2016,2016,"Comedy, Drama, Fantasy",85,USA,English,Adam Sigal,"Sam Heughan, Arabella Oz, David Arquette, Sean Patrick Flanery, Armando Gutierrez, Hunter Gomez, Seth Bailey, Carolyn Chriss, Georgia Cook, Mary Czerwinski, George Griffith, McKenna Hardy, Anne-Mari Harris, AlexAnn Hopkins, Victor Mambu","An eccentric writer must choose between his work and the love of his life. Looking back, he reflects on whether he has made the right decision.",5.5,233,,,
Gangsters Gamblers Geezers,Gangsters Gamblers Geezers,2016,2016-09-23,Comedy,103,UK,English,"Amar Adatia, Peter Peralta","Rahul Kohli, Jessica-Jane Stafford, Kiell Smith-Bynoe, Richie Campbell, Nicola Duffett, Ben Dover, Frankie Fitzgerald, Richard Blackwood, Ayden Callaghan, Amar Adatia, Jodie Marsh, Emilio Doorgasingh, Hazel D'Jan, Dave Courtney, Nicholas Goh","Gangsters, Gamblers and Geezers is story about two lovable losers, Krish and Lee who get fired from their call centre jobs. After spending all their money in a crazy month of partying, they...",5.0,750,$ 1800000,,$ 2662
