{"eur":{"code":"EUR","alphaCode":"EUR","numericCode":"978","name":"Euro","rate":0.84340598706191,"date":"Tue, 13 Jul 2021 11:55:01 GMT","inverseRate":1.1856686048478},"gbp":{"code":"GBP","alphaCode":"GBP","numericCode":"826","name":"U.K. Pound Sterling","rate":0.72130478819341,"date":"Tue, 13 Jul 2021 11:55:01 GMT","inverseRate":1.3863764893404},"cad":{"code":"CAD","alphaCode":"CAD","numericCode":"124","name":"Canadian Dollar","rate":1.2476596440242,"date":"Tue, 13 Jul 2021 11:55:01 GMT","inverseRate":0.80150063744516},"jpy":{"code":"JPY","alphaCode":"JPY","numericCode":"392","name":"Japanese Yen","rate":110.25609820435,"date":"Tue, 13 Jul 2021 11:55:01 GMT","inverseRate":0.0090697931115482},"aud":{"code":"AUD","alphaCode":"AUD","numericCode":"036","name":"Australian Dollar","rate":1.3376655202081,"date":"Tue, 13 Jul 2021 11:55:01 GMT","inverseRate":0.74757103692441},"chf":{"code":"CHF","alphaCode":"CHF","numericCode":"756","name":"Swiss Franc","rate":0.91536027414217,"date":"Tue, 13 Jul 2021 11:55:01 GMT","inverseRate":1.0924660248525},"aed":{"code":"AED","alphaCode":"AED","numericCode":"784","name":"U.A.E Dirham","rate":3.6795448411302,"date":"Tue, 13 Jul 2021 11:55:01 GMT","inverseRate":0.27177274450414},"php":{"code":"PHP","alphaCode":"PHP","numericCode":"608","name":"Philippine Peso","rate":50.426991100335,"date":"Tue, 13 Jul 2021 11:55:01 GMT","inverseRate":0.019830649780596},"ils":{"code":"ILS","alphaCode":"ILS","numericCode":"376","name":"Israeli New Sheqel","rate":3.2834763779297,"date":"Tue, 13 Jul 2021 11:55:01 GMT","inverseRate":0.30455525939569},"mro":{"code":"MRO","alphaCode":"MRO","numericCode":"478","name":"Mauritanian Ouguiya","rate":36.21008267142,"date":"Tue, 13 Jul 2021 11:55:01 GMT","inverseRate":0.027616617423226},"cop":{"code":"COP","alphaCode":"COP","numericCode":"170","name":"Colombian Peso","rate":3821.8885554984,"date":"Tue, 13 Jul 2021 11:55:01 GMT","inverseRate":0.00026165074817824},"bzd":{"code":"BZD","alphaCode":"BZD","numericCode":"084","name":"Belize dollar","rate":2.0323312236287,"date":"Tue, 13 Jul 2021 11:55:01 GMT","inverseRate":0.49204577894272},"gnf":{"code":"GNF","alphaCode":"GNF","numericCode":"324","name":"Guinean franc","rate":9905.6555269923,"date":"Tue, 13 Jul 2021 11:55:01 GMT","inverseRate":0.00010095243038435},"sll":{"code":"SLL","alphaCode":"SLL","numericCode":"694","name":"Sierra Leonean leone","rate":10358.333333334,"date":"Tue, 13 Jul 2021 11:55:01 GMT","inverseRate":9.6540627514073e-5},"kes":{"code":"KES","alphaCode":"KES","numericCode":"404","name":"Kenyan shilling","rate":108.83798440854,"date":"Tue, 13 Jul 2021 11:55:01 GMT","inverseRate":0.0091879687540551},"cny":{"code":"CNY","alphaCode":"CNY","numericCode":"156","name":"Chinese Yuan","rate":6.4714042669117,"date":"Tue, 13 Jul 2021 11:55:01 GMT","inverseRate":0.15452596666121},"sar":{"code":"SAR","alphaCode":"SAR","numericCode":"682","name":"Saudi Riyal","rate":3.7527778895191,"date":"Tue, 13 Jul 2021 11:55:01 GMT","inverseRate":0.26646927407903},"myr":{"code":"MYR","alphaCode":"MYR","numericCode":"458","name":"Malaysian Ringgit","rate":4.1898909100252,"date":"Tue, 13 Jul 2021 11:55:01 GMT","inverseRate":0.23866969844186},"kzt":{"code":"KZT","alphaCode":"KZT","numericCode":"398","name":"Kazakhstani Tenge","rate":428.02597434009,"date":"Tue, 13 Jul 2021 11:55:01 GMT","inverseRate":0.0023363068130194},"bob":{"code":"BOB","alphaCode":"BOB","numericCode":"068","name":"Bolivian Boliviano","rate":6.9108491418247,"date":"Tue, 13 Jul 2021 11:55:01 GMT","inverseRate":0.14470001869205},"gyd":{"code":"GYD","alphaCode":"GYD","numericCode":"328","name":"Guyanese dollar","rate":210.74710129075,"date":"Tue, 13 Jul 2021 11:55:01 GMT","inverseRate":0.0047450237458801},"rwf":{"code":"RWF","alphaCode":"RWF","numericCode":"646","name":"Rwandan franc","rate":1014.5602948921,"date":"Tue, 13 Jul 2021 11:55:01 GMT","inverseRate":0.00098564866478079},"mzn":{"code":"MZN","alphaCode":"MZN","numericCode":"943","name":"Mozambican metical","rate":64.436454849499,"date":"Tue, 13 Jul 2021 11:55:01 GMT","inverseRate":0.015519165390704},"ugx":{"code":"UGX","alphaCode":"UGX","numericCode":"800","name":"Ugandan shilling","rate":3587.8026070764,"date":"Tue, 13 Jul 2021 11:55:01 GMT","inverseRate":0.00027872213427451},"vuv":{"code":"VUV","alphaCode":"VUV","numericCode":"548","name":"Vanuatu vatu","rate":110.9150571371,"date":"Tue, 13 Jul 2021 11:55:01 GMT","inverseRate":0.0090159084421146},"idr":{"code":"IDR","alphaCode":"IDR","numericCode":"360","name":"Indonesian Rupiah","rate":14496.141821974,"date":"Tue, 13 Jul 2021 11:55:01 GMT","inverseRate":6.8983872555948e-5},"tnd":{"code":"TND","alphaCode":"TND","numericCode":"788","name":"Tunisian Dinar","rate":2.7920771362539,"date":"Tue, 13 Jul 2021 11:55:01 GMT","inverseRate":0.3581562941136},"xof":{"code":"XOF","alphaCode":"XOF","numericCode":"952","name":"West African CFA Franc","rate":554.37242286205,"date":"Tue, 13 Jul 2021 11:55:01 GMT","inverseRate":0.0018038415310006},"tjs":{"code":"TJS","alphaCode":"TJS","numericCode":"972","name":"Tajikistan Ruble","rate":11.407735549367,"date":"Tue, 13 Jul 2021 11:55:01 GMT","inverseRate":0.087659816067132},"afn":{"code":"AFN","alphaCode":"AFN","numericCode":"971","name":"Afghan afghani","rate":82.147653868292,"date":"Tue, 13 Jul 2021 11:55:01 GMT","inverseRate":0.01217320219033},"nad":{"code":"NAD","alphaCode":"NAD","numericCode":"516","name":"Namibian dollar","rate":14.47520661157,"date":"Tue, 13 Jul 2021 11:55:01 GMT","inverseRate":0.069083642592065},"syp":{"code":"SYP","alphaCode":"SYP","numericCode":"760","name":"Syrian pound","rate":2568.8666666667,"date":"Tue, 13 Jul 2021 11:55:01 GMT","inverseRate":0.00038927672384709},"top":{"code":"TOP","alphaCode":"TOP","numericCode":"776","name":"Tongan pa\u02bbanga","rate":2.267847684068,"date":"Tue, 13 Jul 2021 11:55:01 GMT","inverseRate":0.4409467209924},"kwd":{"code":"KWD","alphaCode":"KWD","numericCode":"414","name":"Kuwaiti Dinar","rate":0.30165691667489,"date":"Tue, 13 Jul 2021 11:55:01 GMT","inverseRate":3.3150242700311},"czk":{"code":"CZK","alphaCode":"CZK","numericCode":"203","name":"Czech Koruna","rate":21.666203771029,"date":"Tue, 13 Jul 2021 11:55:01 GMT","inverseRate":0.046154832224792},"pgk":{"code":"PGK","alphaCode":"PGK","numericCode":"598","name":"Papua New Guinean kina","rate":3.5116500193269,"date":"Tue, 13 Jul 2021 11:55:01 GMT","inverseRate":0.28476641877646},"uah":{"code":"UAH","alphaCode":"UAH","numericCode":"980","name":"Ukrainian Hryvnia","rate":27.324978955741,"date":"Tue, 13 Jul 2021 11:55:01 GMT","inverseRate":0.036596551514998},"etb":{"code":"ETB","alphaCode":"ETB","numericCode":"230","name":"Ethiopian birr","rate":44.290804597701,"date":"Tue, 13 Jul 2021 11:55:01 GMT","inverseRate":0.022578049983131},"xcd":{"code":"XCD","alphaCode":"XCD","numericCode":"951","name":"East Caribbean Dollar","rate":2.7324492979719,"date":"Tue, 13 Jul 2021 11:55:01 GMT","inverseRate":0.36597202397945},"lak":{"code":"LAK","alphaCode":"LAK","numericCode":"418","name":"Lao kip","rate":9561.5384615386,"date":"Tue, 13 Jul 2021 11:55:01 GMT","inverseRate":0.00010458567980692},"bwp":{"code":"BWP","alphaCode":"BWP","numericCode":"072","name":"Botswana Pula","rate":11.044138721697,"date":"Tue, 13 Jul 2021 11:55:01 GMT","inverseRate":0.090545765966832},"nok":{"code":"NOK","alphaCode":"NOK","numericCode":"578","name":"Norwegian Krone","rate":8.7041857343055,"date":"Tue, 13 Jul 2021 11:55:01 GMT","inverseRate":0.11488725430786},"mad":{"code":"MAD","alphaCode":"MAD","numericCode":"504","name":"Moroccan Dirham","rate":8.9529211338388,"date":"Tue, 13 Jul 2021 11:55:01 GMT","inverseRate":0.11169538802485},"ron":{"code":"RON","alphaCode":"RON","numericCode":"946","name":"Romanian New Leu","rate":4.1584291384663,"date":"Tue, 13 Jul 2021 11:55:01 GMT","inverseRate":0.24047542153594},"byn":{"code":"BYN","alphaCode":"BYN","numericCode":"933","name":"Belarussian Ruble","rate":2.5637660051758,"date":"Tue, 13 Jul 2021 11:55:01 GMT","inverseRate":0.39005119733282},"rsd":{"code":"RSD","alphaCode":"RSD","numericCode":"941","name":"Serbian Dinar","rate":99.624582518782,"date":"Tue, 13 Jul 2021 11:55:01 GMT","inverseRate":0.010037683217508},"gmd":{"code":"GMD","alphaCode":"GMD","numericCode":"270","name":"Gambian dalasi","rate":52.354619565217,"date":"Tue, 13 Jul 2021 11:55:01 GMT","inverseRate":0.019100511250097},"awg":{"code":"AWG","alphaCode":"AWG","numericCode":"533","name":"Aruban florin","rate":1.8249112005683,"date":"Tue, 13 Jul 2021 11:55:01 GMT","inverseRate":0.54797186826876},"aoa":{"code":"AOA","alphaCode":"AOA","numericCode":"973","name":"Angolan kwanza","rate":653.10169491526,"date":"Tue, 13 Jul 2021 11:55:01 GMT","inverseRate":0.0015311551137985},"khr":{"code":"KHR","alphaCode":"KHR","numericCode":"116","name":"Cambodian riel","rate":4107.9957356079,"date":"Tue, 13 Jul 2021 11:55:01 GMT","inverseRate":0.00024342771131237},"bhd":{"code":"BHD","alphaCode":"BHD","numericCode":"048","name":"Bahrain Dinar","rate":0.37771586156541,"date":"Tue, 13 Jul 2021 11:55:01 GMT","inverseRate":2.6474927366184},"omr":{"code":"OMR","alphaCode":"OMR","numericCode":"512","name":"Omani Rial","rate":0.38606472253203,"date":"Tue, 13 Jul 2021 11:55:01 GMT","inverseRate":2.5902392568827},"rub":{"code":"RUB","alphaCode":"RUB","numericCode":"643","name":"Russian Rouble","rate":74.410678043429,"date":"Tue, 13 Jul 2021 11:55:01 GMT","inverseRate":0.013438931431539},"lyd":{"code":"LYD","alphaCode":"LYD","numericCode":"434","name":"Libyan Dinar","rate":4.5264002637896,"date":"Tue, 13 Jul 2021 11:55:01 GMT","inverseRate":0.22092610942957},"clp":{"code":"CLP","alphaCode":"CLP","numericCode":"152","name":"Chilean Peso","rate":743.0804863926,"date":"Tue, 13 Jul 2021 11:55:01 GMT","inverseRate":0.00134574924024},"bsd":{"code":"BSD","alphaCode":"BSD","numericCode":"044","name":"Bahamian Dollar","rate":1.0080575539568,"date":"Tue, 13 Jul 2021 11:55:01 GMT","inverseRate":0.99200685127037},"djf":{"code":"DJF","alphaCode":"DJF","numericCode":"262","name":"Djiboutian franc","rate":179.49040432271,"date":"Tue, 13 Jul 2021 11:55:01 GMT","inverseRate":0.0055713284716997},"hnl":{"code":"HNL","alphaCode":"HNL","numericCode":"340","name":"Honduran Lempira","rate":24.038053649407,"date":"Tue, 13 Jul 2021 11:55:01 GMT","inverseRate":0.04160070588846},"scr":{"code":"SCR","alphaCode":"SCR","numericCode":"690","name":"Seychelles rupee","rate":14.383351997014,"date":"Tue, 13 Jul 2021 11:55:01 GMT","inverseRate":0.06952482287909},"bbd":{"code":"BBD","alphaCode":"BBD","numericCode":"052","name":"Barbadian Dollar","rate":2.0032515561362,"date":"Tue, 13 Jul 2021 11:55:01 GMT","inverseRate":0.49918843039801},"bdt":{"code":"BDT","alphaCode":"BDT","numericCode":"050","name":"Bangladeshi taka","rate":84.981338571264,"date":"Tue, 13 Jul 2021 11:55:01 GMT","inverseRate":0.011767289346254},"qar":{"code":"QAR","alphaCode":"QAR","numericCode":"634","name":"Qatari Rial","rate":3.6517381485284,"date":"Tue, 13 Jul 2021 11:55:01 GMT","inverseRate":0.27384219769509},"mxn":{"code":"MXN","alphaCode":"MXN","numericCode":"484","name":"Mexican Peso","rate":19.89764480673,"date":"Tue, 13 Jul 2021 11:55:01 GMT","inverseRate":0.050257204292931},"amd":{"code":"AMD","alphaCode":"AMD","numericCode":"051","name":"Armenia Dram","rate":498.46896107012,"date":"Tue, 13 Jul 2021 11:55:01 GMT","inverseRate":0.0020061429659596},"uyu":{"code":"UYU","alphaCode":"UYU","numericCode":"858","name":"Uruguayan Peso","rate":44.039580532377,"date":"Tue, 13 Jul 2021 11:55:01 GMT","inverseRate":0.022706846611875},"fjd":{"code":"FJD","alphaCode":"FJD","numericCode":"242","name":"Fiji Dollar","rate":2.0870389427504,"date":"Tue, 13 Jul 2021 11:55:01 GMT","inverseRate":0.47914774349258},"cdf":{"code":"CDF","alphaCode":"CDF","numericCode":"976","name":"Congolese franc","rate":2004.8387096774,"date":"Tue, 13 Jul 2021 11:55:01 GMT","inverseRate":0.00049879324215608},"lsl":{"code":"LSL","alphaCode":"LSL","numericCode":"426","name":"Lesotho loti","rate":14.469770935036,"date":"Tue, 13 Jul 2021 11:55:01 GMT","inverseRate":0.069109594373652},"tzs":{"code":"TZS","alphaCode":"TZS","numericCode":"834","name":"Tanzanian shilling","rate":2338.1674757282,"date":"Tue, 13 Jul 2021 11:55:01 GMT","inverseRate":0.0004276853606},"mnt":{"code":"MNT","alphaCode":"MNT","numericCode":"496","name":"Mongolian togrog","rate":2869.1734921817,"date":"Tue, 13 Jul 2021 11:55:01 GMT","inverseRate":0.00034853242675109},"brl":{"code":"BRL","alphaCode":"BRL","numericCode":"986","name":"Brazilian Real","rate":5.2125936616047,"date":"Tue, 13 Jul 2021 11:55:01 GMT","inverseRate":0.19184307562008},"hkd":{"code":"HKD","alphaCode":"HKD","numericCode":"344","name":"Hong Kong Dollar","rate":7.7660619596035,"date":"Tue, 13 Jul 2021 11:55:01 GMT","inverseRate":0.12876539038726},"thb":{"code":"THB","alphaCode":"THB","numericCode":"764","name":"Thai Baht","rate":32.634644595146,"date":"Tue, 13 Jul 2021 11:55:01 GMT","inverseRate":0.030642282531514},"xaf":{"code":"XAF","alphaCode":"XAF","numericCode":"950","name":"Central African CFA Franc","rate":555.05900521981,"date":"Tue, 13 Jul 2021 11:55:01 GMT","inverseRate":0.0018016102623252},"mdl":{"code":"MDL","alphaCode":"MDL","numericCode":"498","name":"Moldova Lei","rate":18.061460419317,"date":"Tue, 13 Jul 2021 11:55:01 GMT","inverseRate":0.055366508398761},"nio":{"code":"NIO","alphaCode":"NIO","numericCode":"558","name":"Nicaraguan C\u00f3rdoba","rate":35.174160329068,"date":"Tue, 13 Jul 2021 11:55:01 GMT","inverseRate":0.028429960819096},"lrd":{"code":"LRD","alphaCode":"LRD","numericCode":"430","name":"Liberian dollar","rate":172.79372197309,"date":"Tue, 13 Jul 2021 11:55:01 GMT","inverseRate":0.0057872472945269},"sdg":{"code":"SDG","alphaCode":"SDG","numericCode":"938","name":"Sudanese pound","rate":453.32941176471,"date":"Tue, 13 Jul 2021 11:55:01 GMT","inverseRate":0.0022059014351335},"mru":{"code":"MRU","alphaCode":"MRU","numericCode":"929","name":"Mauritanian ouguiya","rate":36.455061494797,"date":"Tue, 13 Jul 2021 11:55:01 GMT","inverseRate":0.027431033140425},"dkk":{"code":"DKK","alphaCode":"DKK","numericCode":"208","name":"Danish Krone","rate":6.2764005828208,"date":"Tue, 13 Jul 2021 11:55:01 GMT","inverseRate":0.15932698794547},"jod":{"code":"JOD","alphaCode":"JOD","numericCode":"400","name":"Jordanian Dinar","rate":0.71043890490423,"date":"Tue, 13 Jul 2021 11:55:01 GMT","inverseRate":1.4075805718084},"bgn":{"code":"BGN","alphaCode":"BGN","numericCode":"975","name":"Bulgarian Lev","rate":1.6504097171815,"date":"Tue, 13 Jul 2021 11:55:01 GMT","inverseRate":0.6059101504248},"vnd":{"code":"VND","alphaCode":"VND","numericCode":"704","name":"Vietnamese Dong","rate":23032.56858949,"date":"Tue, 13 Jul 2021 11:55:01 GMT","inverseRate":4.3416781594056e-5},"uzs":{"code":"UZS","alphaCode":"UZS","numericCode":"860","name":"Uzbekistan Sum","rate":10627.840186209,"date":"Tue, 13 Jul 2021 11:55:01 GMT","inverseRate":9.4092495039362e-5},"pab":{"code":"PAB","alphaCode":"PAB","numericCode":"590","name":"Panamanian Balboa","rate":1.0080575539568,"date":"Tue, 13 Jul 2021 11:55:01 GMT","inverseRate":0.99200685127037},"ttd":{"code":"TTD","alphaCode":"TTD","numericCode":"780","name":"Trinidad Tobago Dollar","rate":6.8369410929736,"date":"Tue, 13 Jul 2021 11:55:01 GMT","inverseRate":0.14626424104015},"htg":{"code":"HTG","alphaCode":"HTG","numericCode":"332","name":"Haitian gourde","rate":94.21271393643,"date":"Tue, 13 Jul 2021 11:55:01 GMT","inverseRate":0.010614278670231},"cup":{"code":"CUP","alphaCode":"CUP","numericCode":"192","name":"Cuban peso","rate":1.0080575539568,"date":"Tue, 13 Jul 2021 11:55:01 GMT","inverseRate":0.99200685127037},"lkr":{"code":"LKR","alphaCode":"LKR","numericCode":"144","name":"Sri Lanka Rupee","rate":200.02356950997,"date":"Tue, 13 Jul 2021 11:55:01 GMT","inverseRate":0.0049994108316828},"pln":{"code":"PLN","alphaCode":"PLN","numericCode":"985","name":"Polish Zloty","rate":3.8463924317348,"date":"Tue, 13 Jul 2021 11:55:01 GMT","inverseRate":0.25998387261515},"pen":{"code":"PEN","alphaCode":"PEN","numericCode":"604","name":"Peruvian Nuevo Sol","rate":3.9645691774681,"date":"Tue, 13 Jul 2021 11:55:01 GMT","inverseRate":0.25223421643979},"iqd":{"code":"IQD","alphaCode":"IQD","numericCode":"368","name":"Iraqi dinar","rate":1467.3287203928,"date":"Tue, 13 Jul 2021 11:55:01 GMT","inverseRate":0.0006815105477744},"svc":{"code":"SVC","alphaCode":"SVC","numericCode":"222","name":"Salvadoran colon","rate":8.825698579936,"date":"Tue, 13 Jul 2021 11:55:01 GMT","inverseRate":0.11330547842109},"cve":{"code":"CVE","alphaCode":"CVE","numericCode":"132","name":"Cape Verde escudo","rate":94.443627450982,"date":"Tue, 13 Jul 2021 11:55:01 GMT","inverseRate":0.010588326888641},"zmw":{"code":"ZMW","alphaCode":"ZMW","numericCode":"967","name":"Zambian kwacha","rate":22.841138114997,"date":"Tue, 13 Jul 2021 11:55:01 GMT","inverseRate":0.043780655542003},"yer":{"code":"YER","alphaCode":"YER","numericCode":"886","name":"Yemeni rial","rate":253.87402819871,"date":"Tue, 13 Jul 2021 11:55:01 GMT","inverseRate":0.0039389614097008},"dop":{"code":"DOP","alphaCode":"DOP","numericCode":"214","name":"Dominican Peso","rate":57.170414754098,"date":"Tue, 13 Jul 2021 11:55:01 GMT","inverseRate":0.017491564549623},"nzd":{"code":"NZD","alphaCode":"NZD","numericCode":"554","name":"New Zealand Dollar","rate":1.4336293502274,"date":"Tue, 13 Jul 2021 11:55:01 GMT","inverseRate":0.69753036225255},"hrk":{"code":"HRK","alphaCode":"HRK","numericCode":"191","name":"Croatian Kuna","rate":6.3240036209234,"date":"Tue, 13 Jul 2021 11:55:01 GMT","inverseRate":0.15812767669699},"dzd":{"code":"DZD","alphaCode":"DZD","numericCode":"012","name":"Algerian Dinar","rate":134.910244752,"date":"Tue, 13 Jul 2021 11:55:01 GMT","inverseRate":0.0074123355260252},"ars":{"code":"ARS","alphaCode":"ARS","numericCode":"032","name":"Argentine Peso","rate":96.454236267485,"date":"Tue, 13 Jul 2021 11:55:01 GMT","inverseRate":0.010367610990427},"stn":{"code":"STN","alphaCode":"STN","numericCode":"930","name":"S\u00e3o Tom\u00e9 and Pr\u00edncipe Dobra","rate":21.102409638554,"date":"Tue, 13 Jul 2021 11:55:01 GMT","inverseRate":0.047387953182986},"xpf":{"code":"XPF","alphaCode":"XPF","numericCode":"953","name":"CFP Franc","rate":101.73192174671,"date":"Tue, 13 Jul 2021 11:55:01 GMT","inverseRate":0.0098297563127705},"all":{"code":"ALL","alphaCode":"ALL","numericCode":"008","name":"Albanian lek","rate":104.46794089739,"date":"Tue, 13 Jul 2021 11:55:01 GMT","inverseRate":0.0095723146393994},"mur":{"code":"MUR","alphaCode":"MUR","numericCode":"480","name":"Mauritian Rupee","rate":43.150055991041,"date":"Tue, 13 Jul 2021 11:55:01 GMT","inverseRate":0.023174940959697},"ang":{"code":"ANG","alphaCode":"ANG","numericCode":"532","name":"Neth. Antillean Guilder","rate":1.8015951720105,"date":"Tue, 13 Jul 2021 11:55:01 GMT","inverseRate":0.55506365444133},"pkr":{"code":"PKR","alphaCode":"PKR","numericCode":"586","name":"Pakistani Rupee","rate":159.3157038363,"date":"Tue, 13 Jul 2021 11:55:01 GMT","inverseRate":0.0062768451315227},"krw":{"code":"KRW","alphaCode":"KRW","numericCode":"410","name":"South Korean Won","rate":1146.3429716174,"date":"Tue, 13 Jul 2021 11:55:01 GMT","inverseRate":0.00087233927782457},"azn":{"code":"AZN","alphaCode":"AZN","numericCode":"944","name":"Azerbaijan Manat","rate":1.7005134800791,"date":"Tue, 13 Jul 2021 11:55:01 GMT","inverseRate":0.58805767299974},"pyg":{"code":"PYG","alphaCode":"PYG","numericCode":"600","name":"Paraguayan Guaran\u00ed","rate":6812.0857032512,"date":"Tue, 13 Jul 2021 11:55:01 GMT","inverseRate":0.00014679791822389},"bnd":{"code":"BND","alphaCode":"BND","numericCode":"096","name":"Brunei Dollar","rate":1.3585657370518,"date":"Tue, 13 Jul 2021 11:55:01 GMT","inverseRate":0.73607038123167},"kmf":{"code":"KMF","alphaCode":"KMF","numericCode":"174","name":"\tComoro franc","rate":419.93243243245,"date":"Tue, 13 Jul 2021 11:55:01 GMT","inverseRate":0.0023813354786805},"szl":{"code":"SZL","alphaCode":"SZL","numericCode":"748","name":"Swazi lilangeni","rate":14.47520661157,"date":"Tue, 13 Jul 2021 11:55:01 GMT","inverseRate":0.069083642592065},"sos":{"code":"SOS","alphaCode":"SOS","numericCode":"706","name":"Somali shilling","rate":583.30305782622,"date":"Tue, 13 Jul 2021 11:55:01 GMT","inverseRate":0.0017143746918226},"wst":{"code":"WST","alphaCode":"WST","numericCode":"882","name":"Samoan tala","rate":2.5790107757178,"date":"Tue, 13 Jul 2021 11:55:01 GMT","inverseRate":0.3877455687333},"egp":{"code":"EGP","alphaCode":"EGP","numericCode":"818","name":"Egyptian Pound","rate":15.725558049258,"date":"Tue, 13 Jul 2021 11:55:01 GMT","inverseRate":0.063590748059156},"sgd":{"code":"SGD","alphaCode":"SGD","numericCode":"702","name":"Singapore Dollar","rate":1.3520129935102,"date":"Tue, 13 Jul 2021 11:55:01 GMT","inverseRate":0.73963786206205},"zar":{"code":"ZAR","alphaCode":"ZAR","numericCode":"710","name":"South African Rand","rate":14.465503969385,"date":"Tue, 13 Jul 2021 11:55:01 GMT","inverseRate":0.069129979993536},"kgs":{"code":"KGS","alphaCode":"KGS","numericCode":"417","name":"Kyrgyzstan Som","rate":84.866264751513,"date":"Tue, 13 Jul 2021 11:55:01 GMT","inverseRate":0.011783245120166},"crc":{"code":"CRC","alphaCode":"CRC","numericCode":"188","name":"Costa Rican Col\u00f3n","rate":622.35060928119,"date":"Tue, 13 Jul 2021 11:55:01 GMT","inverseRate":0.0016068113135697},"jmd":{"code":"JMD","alphaCode":"JMD","numericCode":"388","name":"Jamaican Dollar","rate":150.51953125,"date":"Tue, 13 Jul 2021 11:55:01 GMT","inverseRate":0.0066436560869904},"ssp":{"code":"SSP","alphaCode":"SSP","numericCode":"728","name":"South Sudanese pound","rate":179.33168892819,"date":"Tue, 13 Jul 2021 11:55:01 GMT","inverseRate":0.0055762593102016},"ern":{"code":"ERN","alphaCode":"ERN","numericCode":"232","name":"Eritrean nakfa","rate":15.200394477318,"date":"Tue, 13 Jul 2021 11:55:01 GMT","inverseRate":0.065787766330157},"bam":{"code":"BAM","alphaCode":"BAM","numericCode":"977","name":"Bosnia and Herzegovina convertible mark","rate":1.6717136659436,"date":"Tue, 13 Jul 2021 11:55:01 GMT","inverseRate":0.59818856564503},"inr":{"code":"INR","alphaCode":"INR","numericCode":"356","name":"Indian Rupee","rate":74.53944337662,"date":"Tue, 13 Jul 2021 11:55:01 GMT","inverseRate":0.013415715957891},"try":{"code":"TRY","alphaCode":"TRY","numericCode":"949","name":"Turkish Lira","rate":8.6334137793521,"date":"Tue, 13 Jul 2021 11:55:01 GMT","inverseRate":0.11582903652685},"twd":{"code":"TWD","alphaCode":"TWD","numericCode":"901","name":"New Taiwan Dollar ","rate":28.003485310251,"date":"Tue, 13 Jul 2021 11:55:01 GMT","inverseRate":0.035709840718789},"tmt":{"code":"TMT","alphaCode":"TMT","numericCode":"934","name":"New Turkmenistan Manat","rate":3.4986202440575,"date":"Tue, 13 Jul 2021 11:55:01 GMT","inverseRate":0.28582696327174},"mga":{"code":"MGA","alphaCode":"MGA","numericCode":"969","name":"Malagasy ariary","rate":3908.0121703856,"date":"Tue, 13 Jul 2021 11:55:01 GMT","inverseRate":0.00025588456647548},"srd":{"code":"SRD","alphaCode":"SRD","numericCode":"968","name":"Surinamese dollar","rate":21.183617372182,"date":"Tue, 13 Jul 2021 11:55:01 GMT","inverseRate":0.047206290711859},"ghs":{"code":"GHS","alphaCode":"GHS","numericCode":"936","name":"Ghanaian Cedi","rate":5.978743211792,"date":"Tue, 13 Jul 2021 11:55:01 GMT","inverseRate":0.1672592323463},"mop":{"code":"MOP","alphaCode":"MOP","numericCode":"446","name":"Macanese pataca","rate":8.0714285714288,"date":"Tue, 13 Jul 2021 11:55:01 GMT","inverseRate":0.12389380530973},"lbp":{"code":"LBP","alphaCode":"LBP","numericCode":"422","name":"Lebanese Pound","rate":1516.270199359,"date":"Tue, 13 Jul 2021 11:55:01 GMT","inverseRate":0.00065951306068189},"huf":{"code":"HUF","alphaCode":"HUF","numericCode":"348","name":"Hungarian Forint","rate":300.15342216934,"date":"Tue, 13 Jul 2021 11:55:01 GMT","inverseRate":0.0033316295139085},"ngn":{"code":"NGN","alphaCode":"NGN","numericCode":"566","name":"Nigerian Naira","rate":412.23932385873,"date":"Tue, 13 Jul 2021 11:55:01 GMT","inverseRate":0.0024257753739735},"irr":{"code":"IRR","alphaCode":"IRR","numericCode":"364","name":"Iranian rial","rate":42220.61516391,"date":"Tue, 13 Jul 2021 11:55:01 GMT","inverseRate":2.3685112026856e-5},"ves":{"code":"VES","alphaCode":"VES","numericCode":"928","name":"Venezuelan Bolivar","rate":3265508.4745763,"date":"Tue, 13 Jul 2021 11:55:01 GMT","inverseRate":3.0623102275971e-7},"sbd":{"code":"SBD","alphaCode":"SBD","numericCode":"090","name":"Solomon Islands dollar","rate":8.0866736621198,"date":"Tue, 13 Jul 2021 11:55:01 GMT","inverseRate":0.12366023927542},"mwk":{"code":"MWK","alphaCode":"MWK","numericCode":"454","name":"Malawian kwacha","rate":815.68585944115,"date":"Tue, 13 Jul 2021 11:55:01 GMT","inverseRate":0.0012259621623024},"gtq":{"code":"GTQ","alphaCode":"GTQ","numericCode":"320","name":"Guatemalan Quetzal","rate":7.8144392618132,"date":"Tue, 13 Jul 2021 11:55:01 GMT","inverseRate":0.12796823501933},"sek":{"code":"SEK","alphaCode":"SEK","numericCode":"752","name":"Swedish Krona","rate":8.5944651530874,"date":"Tue, 13 Jul 2021 11:55:01 GMT","inverseRate":0.11635395364199},"npr":{"code":"NPR","alphaCode":"NPR","numericCode":"524","name":"Nepalese Rupee","rate":119.88238298468,"date":"Tue, 13 Jul 2021 11:55:01 GMT","inverseRate":0.0083415091951233},"isk":{"code":"ISK","alphaCode":"ISK","numericCode":"352","name":"Icelandic Krona","rate":123.4393856158,"date":"Tue, 13 Jul 2021 11:55:01 GMT","inverseRate":0.0081011420707525},"gip":{"code":"GIP","alphaCode":"GIP","numericCode":"292","name":"Gibraltar pound","rate":0.7257605171203,"date":"Tue, 13 Jul 2021 11:55:01 GMT","inverseRate":1.3778649794396},"gel":{"code":"GEL","alphaCode":"GEL","numericCode":"981","name":"Georgian lari","rate":3.169090095591,"date":"Tue, 13 Jul 2021 11:55:01 GMT","inverseRate":0.31554798690995},"mkd":{"code":"MKD","alphaCode":"MKD","numericCode":"807","name":"Macedonian denar","rate":52.530196035662,"date":"Tue, 13 Jul 2021 11:55:01 GMT","inverseRate":0.019036669867387},"bif":{"code":"BIF","alphaCode":"BIF","numericCode":"108","name":"Burundian franc","rate":1996.5284974093,"date":"Tue, 13 Jul 2021 11:55:01 GMT","inverseRate":0.00050086938468327},"mmk":{"code":"MMK","alphaCode":"MMK","numericCode":"104","name":"Myanma Kyat","rate":1659.47459087,"date":"Tue, 13 Jul 2021 11:55:01 GMT","inverseRate":0.00060260036851528},"mvr":{"code":"MVR","alphaCode":"MVR","numericCode":"462","name":"Maldivian rufiyaa","rate":15.587783171521,"date":"Tue, 13 Jul 2021 11:55:01 GMT","inverseRate":0.064152804090001}}