GEOID,POSITIVE,DEATHS,HOSP_YES
55009940002,555,,17.0
55009001600,880,10.0,67.0
55009001801,616,9.0,31.0
55009001802,514,,9.0
55009002001,1141,19.0,74.0
55009002002,603,,30.0
55009002003,529,,16.0
55009010100,682,,29.0
55009010300,714,,26.0
55009020100,684,,44.0
55009020502,592,,37.0
55117011100,283,,12.0
55117000500,418,7.0,31.0
55117010700,892,15.0,31.0
55117010300,315,,13.0
55117000400,489,8.0,27.0
55117000800,615,,27.0
55117000100,362,,15.0
55117010800,432,,17.0
55117000300,828,11.0,41.0
55117010100,139,,
55117010400,1078,5.0,18.0
55131440200,399,,15.0
55131460102,570,6.0,16.0
55131470202,691,13.0,34.0
55113100400,183,,9.0
55113100800,95,6.0,11.0
55113100300,529,6.0,29.0
55113100700,153,,11.0
55101002800,603,8.0,30.0
55031030100,669,14.0,26.0
55031020800,295,,18.0
55031030200,460,,10.0
55031030300,451,,20.0
55031020400,306,12.0,7.0
55031021000,187,,8.0
55125950700,409,5.0,26.0
55125940000,321,5.0,20.0
55125950600,351,8.0,30.0
55085970102,281,5.0,12.0
55085971002,232,,15.0
55085970101,130,,9.0
55085971001,127,,9.0
55085970601,165,,7.0
55085970602,310,,14.0
55111000402,316,,16.0
55111001002,227,5.0,13.0
55111001001,720,7.0,45.0
55113940000,330,5.0,11.0
55113100500,343,8.0,16.0
55131400103,374,,5.0
55131450106,666,,17.0
55131440104,559,8.0,23.0
55131440105,395,,15.0
55059000602,872,38.0,67.0
55059002601,802,15.0,44.0
55059002602,1002,22.0,62.0
55059002904,393,,17.0
55059002903,272,,20.0
55059003002,313,,19.0
55073002200,324,13.0,32.0
55073001201,1108,,41.0
55073001800,613,6.0,33.0
55073001900,738,13.0,33.0
55073001600,597,5.0,24.0
55073002100,650,9.0,38.0
55073001700,402,8.0,26.0
55073000400,632,6.0,26.0
55073000100,364,,22.0
55073001102,984,15.0,52.0
55073001103,562,,24.0
55073001400,927,28.0,49.0
55001950700,333,,16.0
55001950400,429,6.0,28.0
55001950100,334,,23.0
55013970900,277,11.0,21.0
55013970400,366,6.0,38.0
55013971000,145,,11.0
55013970700,223,,22.0
55013970800,241,,19.0
55013970600,149,,15.0
55009020800,312,11.0,34.0
55009000402,259,,19.0
55029100800,502,,18.0
55009010201,428,,23.0
55009000100,262,,14.0
55009000200,636,8.0,36.0
55009010202,746,12.0,27.0
55009940003,450,,33.0
55117000900,663,5.0,33.0
55117001000,855,17.0,47.0
55117001100,425,6.0,19.0
55117010200,512,5.0,15.0
55015020200,471,,31.0
55015020100,558,11.0,39.0
55117010900,393,,14.0
55117011000,254,,17.0
55117011200,329,,17.0
55009940004,335,,19.0
55009000302,511,,29.0
55009000401,540,,28.0
55009000500,273,,16.0
55009000600,465,6.0,27.0
55009000700,535,,24.0
55009000800,172,,10.0
55009000900,507,,34.0
55009001000,140,,15.0
55009001200,281,,19.0
55009001300,284,,16.0
55009001400,476,5.0,34.0
55107960500,368,10.0,30.0
55107960200,188,,18.0
55107960400,228,,16.0
55107960300,223,,16.0
55107960100,333,5.0,25.0
55061960500,661,9.0,32.0
55061960200,235,,14.0
55061960400,1147,11.0,59.0
55061960100,295,,22.0
55133200801,492,,14.0
55133201000,647,12.0,22.0
55133203406,718,6.0,31.0
55133203803,392,,23.0
55133201900,675,18.0,36.0
55133200300,477,,13.0
55133203500,708,,25.0
55133201101,504,,13.0
55133201800,168,,8.0
55133203601,447,,27.0
55133204002,570,6.0,36.0
55133203200,500,,26.0
55133203000,243,,16.0
55133202001,512,,28.0
55133202301,473,6.0,22.0
55133200600,208,,14.0
55133200700,329,,11.0
55133200400,726,10.0,31.0
55133200500,608,12.0,22.0
55045960500,398,,14.0
55045960100,609,,34.0
55045960400,453,7.0,48.0
55045960800,426,,15.0
55045960300,432,,25.0
55045960200,405,,22.0
55045960600,358,,15.0
55045960700,357,,15.0
55015020400,287,,17.0
55079016200,604,6.0,49.0
55079018700,612,,35.0
55079018800,357,,17.0
55079018900,317,5.0,18.0
55079019000,627,7.0,31.0
55079019100,570,9.0,61.0
55079016500,412,,28.0
55079016600,294,,20.0
55079016700,543,5.0,39.0
55079016800,507,,33.0
55079017000,1046,11.0,71.0
55079016300,703,6.0,42.0
55079016400,783,10.0,74.0
55109120100,159,,
55069960100,171,,10.0
55069960700,370,,15.0
55069960800,366,8.0,16.0
55069960600,443,,16.0
55069960400,197,,6.0
55069960900,281,,16.0
55069960500,192,7.0,11.0
55069960300,172,,11.0
55127000600,524,7.0,21.0
55127000200,449,6.0,21.0
55069960200,310,14.0,18.0
55069961000,451,18.0,16.0
55129950100,188,,13.0
55129950300,261,,19.0
55129950600,375,6.0,28.0
55129950500,521,11.0,41.0
55129950200,149,,9.0
55023960200,161,,12.0
55023960500,188,,9.0
55023960600,743,8.0,23.0
55023960300,155,,13.0
55023960400,290,7.0,27.0
55023960100,154,,13.0
55093960200,495,,17.0
55093960100,268,,13.0
55093960400,476,,11.0
55093960700,561,13.0,19.0
55093960800,419,7.0,18.0
55093960500,713,12.0,29.0
55093960600,523,,16.0
55137960600,146,,9.0
55137960400,219,5.0,15.0
55137960700,608,,27.0
55137960200,222,,21.0
55137960100,222,6.0,14.0
55137960300,274,7.0,23.0
55035001400,781,13.0,32.0
55087010300,270,6.0,28.0
55087010200,407,,19.0
55087012800,861,,43.0
55087013200,351,,17.0
55087012700,717,12.0,32.0
55087012100,1004,31.0,49.0
55087010800,144,10.0,13.0
55087010500,345,,6.0
55087011700,333,8.0,12.0
55087013300,1021,10.0,32.0
55087013100,695,,19.0
55087010100,247,,9.0
55133200202,457,6.0,16.0
55133200201,488,18.0,39.0
55133203304,544,8.0,33.0
55133201404,383,5.0,22.0
55133202902,330,9.0,30.0
55133204301,721,8.0,39.0
55133204302,428,8.0,23.0
55133201403,457,,21.0
55133202103,337,,24.0
55079186900,180,11.0,15.0
55079187300,738,7.0,25.0
55079160203,759,5.0,42.0
55079000102,475,18.0,64.0
55087010601,393,,26.0
55087010602,422,6.0,22.0
55007960300,220,11.0,14.0
55007960400,403,,15.0
55007960600,184,,8.0
55007960100,191,5.0,6.0
55007960200,149,,8.0
55087010700,532,,13.0
55087010900,230,,10.0
55087011000,525,,20.0
55087011101,452,,17.0
55087011102,842,18.0,36.0
55087011200,322,5.0,11.0
55079120101,453,10.0,40.0
55079150303,595,8.0,44.0
55079018000,285,,9.0
55079120102,486,15.0,29.0
55017010100,300,,12.0
55079150304,478,,22.0
55025000408,162,11.0,24.0
55025000405,464,,26.0
55025000902,417,,
55025001102,427,,
55025001606,1632,,
55025001705,311,,
55079160204,596,,40.0
55079185600,142,5.0,21.0
55079186000,187,,41.0
55079185500,141,,21.0
55079185900,161,5.0,14.0
55079185400,115,,22.0
55079185800,131,,18.0
55079186200,135,,16.0
55087011300,291,,11.0
55087011501,308,,10.0
55087011502,440,,26.0
55025001804,267,,7.0
55087011600,832,11.0,31.0
55087011800,207,,
55087011400,553,19.0,30.0
55025013301,462,,21.0
55025000407,449,,19.0
55025000901,67,,
55025001101,827,,
55025001605,285,,
55025001704,429,7.0,24.0
55079186400,176,,8.0
55079186600,278,,14.0
55078940102,365,5.0,23.0
55078940101,202,,24.0
55079186500,353,,22.0
55025010903,225,,6.0
55025011401,779,15.0,38.0
55025001802,209,,5.0
55025000406,234,7.0,18.0
55133204502,638,6.0,32.0
55127000101,699,,32.0
55071000300,574,6.0,39.0
55071000400,319,,13.0
55019950800,260,,16.0
55019950500,424,,33.0
55019950100,712,16.0,58.0
55019950700,315,,24.0
55019950400,328,,26.0
55019950300,367,14.0,30.0
55019950600,373,,22.0
55019950200,445,12.0,43.0
55071010300,431,,34.0
55071005200,439,,22.0
55071005100,172,,8.0
55071010600,498,,31.0
55071010400,543,,34.0
55071010700,398,,25.0
55071000600,540,5.0,37.0
55071010100,465,6.0,27.0
55071010200,607,,26.0
55071005400,213,,7.0
55071010500,324,13.0,22.0
55133203102,906,20.0,76.0
55133203103,543,,30.0
55133203402,457,,17.0
55133203403,669,,26.0
55133203404,327,,14.0
55071000200,241,,15.0
55087940000,686,6.0,57.0
55059000500,493,16.0,33.0
55059000700,582,17.0,46.0
55059000900,440,7.0,34.0
55139001803,558,15.0,41.0
55059001000,237,,22.0
55091950200,355,,11.0
55091950100,486,5.0,24.0
55115100700,277,,14.0
55115100200,174,,10.0
55115100300,424,,16.0
55115100600,423,6.0,23.0
55115100100,318,,19.0
55115100500,743,24.0,44.0
55115100800,523,11.0,21.0
55115100900,368,9.0,23.0
55115100400,513,,17.0
55115101000,409,,17.0
55115101100,462,6.0,27.0
55059001100,392,20.0,46.0
55059001200,401,,30.0
55059001300,384,,23.0
55059001400,657,16.0,38.0
55059001500,372,,20.0
55059001600,320,,13.0
55059001700,282,5.0,20.0
55059001800,169,,12.0
55059001900,189,,13.0
55059002100,531,21.0,54.0
55059002200,326,,18.0
55059002300,646,20.0,43.0
55139001801,503,5.0,25.0
55059002400,384,6.0,28.0
55059002500,354,6.0,21.0
55087011900,949,,30.0
55087012000,725,6.0,25.0
55087012200,197,,7.0
55133203405,431,,9.0
55015020304,398,,12.0
55015020800,588,,12.0
55015020306,740,,21.0
55015020303,444,,14.0
55015020308,486,,11.0
55015020700,533,,11.0
55111000401,547,10.0,28.0
55127001603,291,7.0,10.0
55127000901,461,8.0,27.0
55127000502,529,9.0,16.0
55127000501,494,,
55059000400,450,8.0,22.0
55059000300,349,14.0,35.0
55001950501,109,,8.0
55059002000,552,11.0,35.0
55105001303,437,,20.0
55105001201,509,,24.0
55105001304,837,6.0,40.0
55089660202,529,11.0,18.0
55089660201,364,,11.0
55101001505,385,,26.0
55101001706,364,10.0,32.0
55101001802,276,,12.0
55101002002,562,,32.0
55009020503,941,17.0,47.0
55059002905,350,,25.0
55101002702,559,7.0,35.0
55101002701,418,6.0,18.0
55101001705,579,,23.0
55101002001,294,,15.0
55079000101,407,14.0,42.0
55079187200,794,,13.0
55079170700,304,,18.0
55079170100,277,,23.0
55079160300,1245,19.0,79.0
55079160202,1019,22.0,88.0
55137960800,428,5.0,26.0
55101001504,314,9.0,25.0
55035001700,569,,5.0
55131450103,535,7.0,21.0
55131450105,406,19.0,29.0
55131440106,374,,7.0
55131440103,506,,22.0
55131400104,622,,18.0
55131450104,743,6.0,21.0
55079070200,385,,12.0
55079060102,260,5.0,20.0
55079187000,398,,21.0
55131420402,202,,11.0
55131420106,337,7.0,9.0
55131470204,491,6.0,10.0
55131470203,481,,14.0
55087012505,565,,15.0
55087012506,436,5.0,21.0
55079018600,448,,24.0
55139002400,1084,8.0,45.0
55139000100,279,,19.0
55139001100,451,17.0,37.0
55139002000,793,10.0,35.0
55139003702,887,11.0,23.0
55139002300,547,,26.0
55139000200,219,,18.0
55139000400,284,,16.0
55139003000,135,,9.0
55139002100,313,,10.0
55139000500,773,9.0,42.0
55139001900,527,,20.0
55139000900,328,,24.0
55139000800,334,,16.0
55139002601,479,12.0,33.0
55139000700,511,,5.0
55087012602,493,,21.0
55087012601,1080,8.0,36.0
55087012901,781,,24.0
55087012504,412,,12.0
55087012503,416,,7.0
55079003500,345,8.0,30.0
55139003100,166,,
55139003300,267,,9.0
55133203306,629,13.0,41.0
55139003400,462,,24.0
55139003500,284,,15.0
55025012501,396,5.0,19.0
55025013700,389,8.0,13.0
55079017900,266,,5.0
55111000600,616,,22.0
55111000800,279,5.0,11.0
55111000500,351,,13.0
55111000300,651,,32.0
55111000700,251,,7.0
55111000100,766,6.0,35.0
55111000900,363,,29.0
55111001100,275,,10.0
55111000200,401,,17.0
55079017300,757,5.0,44.0
55079017200,504,,26.0
55079017400,450,,35.0
55079017500,612,6.0,36.0
55059000800,313,,23.0
55059002700,512,8.0,29.0
55059002800,479,5.0,23.0
55059000100,471,,17.0
55089650102,254,,10.0
55127000102,246,,12.0
55127000301,188,,9.0
55127001702,407,,12.0
55127001604,471,,16.0
55127001701,419,,19.0
55127000701,419,8.0,25.0
55127001501,257,,12.0
55127000702,505,9.0,41.0
55127001502,435,,18.0
55127000902,267,,8.0
55089650200,505,8.0,28.0
55063010101,481,,16.0
55063001200,337,,11.0
55063010402,944,,42.0
55063010700,425,7.0,23.0
55063010203,166,,9.0
55063000300,329,,24.0
55063010401,559,,14.0
55063000400,1020,,15.0
55063000200,478,,28.0
55063010600,343,,10.0
55063010201,1098,6.0,40.0
55063000100,469,,26.0
55063010800,284,,5.0
55063000700,414,,16.0
55063010102,513,13.0,16.0
55063010300,444,,16.0
55063000600,180,,
55011960400,259,,10.0
55011960500,307,,13.0
55011960300,208,,16.0
55011960200,325,,17.0
55011960100,237,,9.0
55079017600,501,5.0,33.0
55063000500,631,,13.0
55063000800,406,,5.0
55063000900,401,8.0,16.0
55063001000,414,8.0,14.0
55063001101,174,,
55141011300,455,,19.0
55067960300,245,,7.0
55067960400,329,,22.0
55067960100,337,,20.0
55067960500,170,,9.0
55067960700,490,20.0,37.0
55073001300,751,6.0,32.0
55073002000,410,,32.0
55073001500,442,,18.0
55073002300,705,13.0,47.0
55141010300,306,,19.0
55141010800,242,,12.0
55067960600,404,6.0,23.0
55141011600,461,,13.0
55141011100,318,,10.0
55141010900,382,,16.0
55141010700,488,,15.0
55141011700,439,7.0,17.0
55141011200,318,,8.0
55141010100,445,,19.0
55141011400,488,13.0,29.0
55141010400,320,9.0,18.0
55141010200,490,,12.0
55141010500,355,6.0,13.0
55127001602,580,14.0,23.0
55127000800,367,5.0,28.0
55127001000,427,17.0,26.0
55079003600,177,,15.0
55079018500,178,,12.0
55121100500,286,5.0,8.0
55121100700,580,6.0,19.0
55121100300,304,,10.0
55121100600,730,,25.0
55121100800,409,5.0,18.0
55121100400,395,9.0,24.0
55121100200,323,,9.0
55121100100,391,8.0,17.0
55035000302,815,,30.0
55035000502,484,,22.0
55035001500,412,,17.0
55035000200,562,,20.0
55035001300,591,14.0,27.0
55035001600,602,5.0,14.0
55035000501,532,,13.0
55035000100,330,10.0,27.0
55035000600,592,7.0,23.0
55035000700,527,,12.0
55035000400,930,22.0,37.0
55035000301,403,,19.0
55035000801,311,,11.0
55035000802,404,,13.0
55039040900,407,8.0,31.0
55039041000,349,6.0,29.0
55039042000,1548,23.0,73.0
55039041800,632,6.0,50.0
55041950100,107,,5.0
55041950400,267,5.0,18.0
55041950300,251,8.0,12.0
55041950200,287,9.0,22.0
55123960100,249,,6.0
55123960500,167,,9.0
55123960700,285,,14.0
55123960200,203,,14.0
55123960400,357,21.0,19.0
55123960600,326,,11.0
55123960300,292,,9.0
55039040100,484,,23.0
55039041100,1141,13.0,66.0
55039041700,440,,17.0
55039042100,535,5.0,22.0
55039040500,468,5.0,44.0
55039041500,275,,23.0
55039040700,600,6.0,38.0
55039040300,645,9.0,53.0
55039041400,686,5.0,34.0
55039040400,376,,22.0
55039040800,513,,21.0
55039041600,508,7.0,36.0
55039042200,709,,27.0
55039041900,874,5.0,41.0
55039041300,911,10.0,68.0
55039040200,302,5.0,22.0
55087012300,172,,8.0
55087012400,375,,11.0
55029100500,292,,13.0
55029100900,138,,8.0
55029101000,257,6.0,11.0
55029100700,439,,24.0
55029100300,193,,
55029100400,201,,8.0
55029100600,309,,12.0
55063001102,324,11.0,27.0
55063010202,743,,24.0
55063010500,584,8.0,25.0
55133203602,580,,19.0
55133204200,676,6.0,39.0
55133204400,187,,12.0
55031020700,413,9.0,26.0
55033970700,744,7.0,24.0
55033970100,373,,20.0
55033970200,537,,22.0
55033970400,662,,27.0
55033970600,413,,28.0
55033970300,524,,12.0
55025001604,1848,,6.0
55025010502,580,,19.0
55025011402,895,11.0,36.0
55025012502,892,7.0,22.0
55025010904,626,,14.0
55025013302,368,,13.0
55025001603,1305,,
55017011200,873,10.0,29.0
55017010500,890,12.0,32.0
55017011100,419,,19.0
55079015900,602,6.0,46.0
55079015800,411,5.0,26.0
55009001702,477,,28.0
55009020204,605,,21.0
55079016100,596,,33.0
55005001001,199,,
55001950202,212,,8.0
55001950502,250,,12.0
55001950201,90,,7.0
55017010200,834,24.0,37.0
55031020600,364,,14.0
55031020900,197,,9.0
55031020500,228,,9.0
55031020300,236,,12.0
55079019800,585,6.0,33.0
55079020000,498,5.0,39.0
55079091400,213,,
55079019700,679,,35.0
55101001801,493,16.0,25.0
55117010601,755,15.0,37.0
55117011400,254,5.0,19.0
55029100100,178,,
55109120904,311,,10.0
55109120502,556,,34.0
55109120201,491,,18.0
55109120901,396,18.0,41.0
55109120501,588,7.0,31.0
55109120903,803,6.0,32.0
55117000202,441,5.0,28.0
55117010602,415,,26.0
55117000201,297,,13.0
55117010501,858,7.0,37.0
55117010502,395,10.0,29.0
55109120202,413,,14.0
55093960300,473,,9.0
55095960800,750,,25.0
55095960200,402,5.0,26.0
55095960300,494,,26.0
55095960900,510,,18.0
55095960500,266,,14.0
55095960600,247,,15.0
55095960700,540,,11.0
55095960100,301,5.0,20.0
55095961000,597,23.0,32.0
55095961100,476,,16.0
55087012902,378,,8.0
55053960400,388,,12.0
55053960500,549,13.0,27.0
55053960100,1000,9.0,31.0
55053960300,374,,17.0
55053960200,336,,21.0
55051180300,168,,16.0
55051180100,301,17.0,19.0
55057100200,374,,13.0
55051180200,90,,
55057100100,231,,21.0
55057100500,514,7.0,34.0
55057100600,352,,26.0
55057100700,387,5.0,31.0
55057100400,1046,,49.0
55025000503,641,5.0,26.0
55025000504,502,,8.0
55025000600,948,,37.0
55025000700,120,,
55025000800,125,,
55025001000,87,,
55133201402,505,37.0,46.0
55133201503,613,6.0,27.0
55079186100,184,,25.0
55079186300,765,,13.0
55079185300,399,,12.0
55071000500,234,,8.0
55071000700,590,13.0,36.0
55071000800,414,5.0,21.0
55127000302,513,6.0,23.0
55133201504,638,6.0,26.0
55133201506,614,11.0,28.0
55133201701,602,9.0,45.0
55133202201,432,6.0,15.0
55071005300,185,,14.0
55071000100,443,,29.0
55133200103,311,,9.0
55089630201,414,5.0,20.0
55089650101,526,5.0,22.0
55089640100,556,11.0,33.0
55133200901,401,,16.0
55133200902,390,,11.0
55089660303,488,9.0,36.0
55089660100,342,8.0,35.0
55089650300,526,5.0,20.0
55089630100,234,5.0,15.0
55089630202,497,6.0,29.0
55089620100,502,,27.0
55089660304,269,,11.0
55085970900,312,8.0,19.0
55085970800,215,,14.0
55085970400,258,9.0,21.0
55085971400,332,,13.0
55085970500,142,,
55085971500,507,15.0,27.0
55085971100,234,,10.0
55085971300,280,9.0,18.0
55133202002,446,,23.0
55133202202,734,39.0,82.0
55133204100,497,8.0,25.0
55133203802,587,,17.0
55133200102,516,7.0,26.0
55133201600,607,,21.0
55133201102,305,,15.0
55133201202,637,14.0,38.0
55133203804,859,11.0,43.0
55133201300,494,6.0,36.0
55133200101,473,10.0,23.0
55133201505,291,,10.0
55133201201,205,,18.0
55133201203,411,24.0,29.0
55005001002,702,27.0,50.0
55065970300,287,,15.0
55065970500,296,,20.0
55075960800,273,9.0,27.0
55075961100,648,21.0,43.0
55075961500,451,9.0,39.0
55075960600,203,,13.0
55075960900,251,,10.0
55075960700,340,,26.0
55075960200,251,,19.0
55075961000,404,5.0,22.0
55075961200,281,,11.0
55139001804,480,,17.0
55075960100,333,5.0,18.0
55065970400,255,,15.0
55065970200,451,,33.0
55065970100,228,,12.0
55079060101,352,5.0,20.0
55079186800,293,,27.0
55079185700,226,,16.0
55025002401,222,,8.0
55025002402,361,,14.0
55083101200,553,12.0,36.0
55083101000,470,13.0,30.0
55083100900,299,,17.0
55083100600,343,5.0,30.0
55083101300,1096,5.0,39.0
55083100300,277,8.0,25.0
55083100700,396,9.0,35.0
55083100800,289,,17.0
55083101100,490,,19.0
55083100500,256,,16.0
55025002500,208,,12.0
55025002601,147,,9.0
55025002602,571,,26.0
55025002603,586,,25.0
55025002700,237,,9.0
55105000600,285,,13.0
55105000100,64,,5.0
55059003001,364,,16.0
55025002800,96,,
55025002900,216,,11.0
55025003001,338,,22.0
55025003100,454,,23.0
55025003200,50,,
55025010100,80,,
55135100500,210,5.0,9.0
55135100800,464,,22.0
55135100300,260,,17.0
55135100400,329,,18.0
55135101100,463,5.0,25.0
55135100100,386,5.0,30.0
55135100700,380,17.0,35.0
55135101200,362,6.0,24.0
55135100200,211,,8.0
55135100900,605,7.0,35.0
55135101000,512,23.0,26.0
55135100600,506,28.0,32.0
55103970400,303,,20.0
55103970100,186,,14.0
55103970300,239,,17.0
55103970500,286,,15.0
55103970200,261,,15.0
55097961100,663,11.0,46.0
55097960400,679,,24.0
55097960100,415,,18.0
55097961300,476,,21.0
55097960300,350,,12.0
55097960600,519,6.0,29.0
55097961200,744,10.0,35.0
55097960200,468,5.0,32.0
55097960500,596,16.0,42.0
55097960900,305,,15.0
55097960800,470,,16.0
55097961000,327,,14.0
55025010501,287,,12.0
55009001701,558,,36.0
55009021600,711,5.0,30.0
55003940000,135,,
55003950800,267,,7.0
55079017100,508,,26.0
55079018100,144,,
55079021800,309,10.0,29.0
55079035200,293,,23.0
55079020300,691,5.0,36.0
55079020400,619,5.0,29.0
55079020500,572,,30.0
55079020600,321,,16.0
55079020700,407,,16.0
55079020800,254,,9.0
55079020900,261,6.0,18.0
55079021000,234,,15.0
55017010300,505,,19.0
55017010800,1031,7.0,48.0
55017010700,829,8.0,30.0
55017010900,509,8.0,25.0
55017010400,446,,13.0
55017011000,766,11.0,33.0
55079021100,167,,9.0
55009020704,1078,,58.0
55079050101,593,8.0,57.0
55079070100,281,,7.0
55079070300,322,,21.0
55079080100,158,,
55079080200,221,,9.0
55079080300,244,,5.0
55079021200,250,,23.0
55079021300,211,,13.0
55079021400,460,,30.0
55079021500,403,,24.0
55079021600,603,,42.0
55079080400,252,,20.0
55079090200,158,,7.0
55079090300,376,,18.0
55079090600,508,14.0,19.0
55079090700,239,,
55079090800,232,,5.0
55079090900,425,26.0,34.0
55079091000,408,,8.0
55079091100,316,,5.0
55079091300,337,,10.0
55079100700,336,,20.0
55079100800,322,,21.0
55079100900,414,,28.0
55079101000,520,5.0,39.0
55079101100,219,,15.0
55079101300,331,5.0,31.0
55049950100,225,,11.0
55049950300,246,,9.0
55049950500,458,,13.0
55049950400,500,6.0,22.0
55049950600,370,,22.0
55049950200,236,,13.0
55009021500,385,,20.0
55009021100,482,,12.0
55009940001,2444,8.0,90.0
55009001100,303,,20.0
55009000303,406,16.0,53.0
55079101400,363,,25.0
55079101500,527,6.0,34.0
55079101600,608,16.0,60.0
55079101700,448,,17.0
55079101800,310,5.0,25.0
55079101200,427,31.0,43.0
55125950200,403,9.0,22.0
55125950500,621,10.0,32.0
55139002202,306,,17.0
55139002201,529,6.0,29.0
55037190100,255,8.0,20.0
55037190200,166,,8.0
55105001202,660,,25.0
55131420401,248,,12.0
55119960600,255,,11.0
55119960500,315,10.0,14.0
55119960200,150,,7.0
55119960400,458,,16.0
55119960300,226,,8.0
55119960100,468,9.0,18.0
55057100300,323,,17.0
55133200803,445,6.0,24.0
55133203303,395,5.0,20.0
55133201704,631,,21.0
55133202102,542,,22.0
55133203902,510,,26.0
55133203704,483,,12.0
55133204501,294,,14.0
55133204004,380,,18.0
55133200804,331,,10.0
55133201703,690,6.0,41.0
55133202101,419,5.0,19.0
55133202901,440,,21.0
55133203305,546,9.0,20.0
55133203703,409,,11.0
55133203901,512,,32.0
55133204003,390,5.0,26.0
55027961400,423,,34.0
55027961800,412,5.0,34.0
55027960100,659,9.0,37.0
55027961000,520,20.0,51.0
55027961700,309,,14.0
55027960200,361,,28.0
55027961200,378,5.0,27.0
55027961300,703,8.0,52.0
55027961900,676,12.0,32.0
55027960900,536,19.0,49.0
55027961500,476,8.0,39.0
55027960400,504,7.0,33.0
55027960700,499,10.0,26.0
55027960600,444,11.0,36.0
55027960300,2069,15.0,75.0
55009020600,680,,28.0
55035000803,613,7.0,31.0
55035000900,511,,21.0
55035001101,350,,16.0
55089640200,744,7.0,32.0
55089660301,540,7.0,29.0
55079010800,277,,8.0
55079011000,340,,10.0
55079011100,200,,6.0
55079011200,296,,
55079010700,240,,
55079011300,327,5.0,10.0
55079011400,186,,
55079008600,115,,13.0
55079008700,117,,15.0
55079008800,145,,22.0
55079008400,87,,17.0
55079008500,91,,10.0
55079008900,125,5.0,11.0
55079009000,219,,22.0
55079009100,208,,23.0
55079009200,188,,12.0
55079012200,224,,18.0
55079012300,98,,8.0
55079012400,214,,11.0
55079012500,185,,9.0
55079187400,510,,13.0
55079009300,240,,9.0
55079009400,255,,9.0
55079009600,161,,23.0
55079012600,238,,13.0
55079012700,138,,7.0
55079012800,283,,16.0
55079012900,357,,10.0
55097960702,310,,11.0
55097960701,541,,25.0
55079013000,233,,5.0
55079013300,122,,
55079009700,143,,20.0
55079009800,147,,15.0
55079009900,148,,14.0
55079013700,142,,16.0
55079014100,162,,11.0
55079014300,249,,6.0
55079014400,320,,8.0
55079013600,171,,25.0
55079014600,446,,8.0
55079014700,485,,13.0
55079014800,236,,12.0
55139001000,258,7.0,13.0
55139001200,191,,8.0
55139001300,260,,16.0
55139001400,596,8.0,30.0
55139001600,293,,11.0
55139001700,1444,6.0,36.0
55079014900,158,,9.0
55139002500,507,5.0,32.0
55079004000,242,,25.0
55079004100,241,,27.0
55079004200,230,,35.0
55009021400,1047,,33.0
55079004300,452,11.0,53.0
55079004700,297,6.0,36.0
55079004800,395,8.0,47.0
55079004900,434,7.0,43.0
55079005000,501,8.0,44.0
55079005100,346,5.0,29.0
55079005200,143,,9.0
55079005300,217,,18.0
55079005500,355,,19.0
55079005600,191,,8.0
55079005700,205,,12.0
55079005800,307,,7.0
55079006000,231,,24.0
55079005400,372,7.0,23.0
55079006100,250,,24.0
55139002602,593,8.0,31.0
55139002700,254,,17.0
55079006200,207,6.0,39.0
55079006300,193,8.0,35.0
55079006400,169,,28.0
55009020504,766,,19.0
55009020203,805,,34.0
55139003600,375,,9.0
55139003701,350,,23.0
55139003200,223,,8.0
55009020703,873,6.0,30.0
55079006600,211,,32.0
55079006700,99,,10.0
55079006800,200,,31.0
55079006900,192,,23.0
55079007200,268,,10.0
55079007300,295,,9.0
55079006500,171,,39.0
55079007400,305,,
55079007500,360,,
55079007600,326,9.0,15.0
55139002800,470,6.0,28.0
55139002900,234,,18.0
55079003700,252,,17.0
55079003800,223,7.0,28.0
55079003900,294,,33.0
55079007800,576,,7.0
55079007900,135,,
55079008000,158,,10.0
55079007700,508,8.0,25.0
55079008100,117,,9.0
55079010600,137,,8.0
55077960100,194,,21.0
55077960500,321,5.0,16.0
55077960400,269,,15.0
55077960200,209,,17.0
55077960300,374,10.0,19.0
55031021100,204,,14.0
55035001200,1027,,17.0
55075961300,277,,12.0
55075961400,428,5.0,27.0
55073000200,305,,10.0
55073000300,508,6.0,19.0
55073000500,320,,12.0
55073000601,217,,13.0
55073000602,371,5.0,21.0
55055101100,511,15.0,45.0
55055100300,673,6.0,22.0
55055100200,406,,15.0
55055101702,541,,26.0
55055101701,147,,7.0
55055100400,630,5.0,24.0
55055100500,604,9.0,30.0
55055101400,362,,12.0
55073000700,584,6.0,29.0
55073000800,388,13.0,20.0
55073000900,248,,10.0
55073001000,330,,14.0
55073001104,765,15.0,42.0
55055101202,127,,5.0
55055101300,647,10.0,41.0
55073001202,612,6.0,27.0
55127000400,537,27.0,24.0
55055101500,447,14.0,32.0
55055101201,189,,12.0
55055101600,483,,32.0
55055100800,340,,24.0
55055100100,593,9.0,35.0
55055100700,568,5.0,31.0
55055100602,266,,9.0
55055100900,290,,12.0
55055100601,109,,8.0
55055101000,394,,23.0
55141011000,544,5.0,27.0
55141011500,537,5.0,23.0
55141010600,522,19.0,37.0
55089610102,345,,14.0
55089610101,408,,28.0
55109120800,713,7.0,34.0
55109120300,494,,16.0
55109120400,1103,5.0,38.0
55109120600,793,,28.0
55109120700,504,5.0,20.0
55109121000,706,6.0,24.0
55139001500,265,,6.0
55101000200,663,13.0,48.0
55101002600,491,17.0,41.0
55101000300,418,8.0,34.0
55101980000,327,17.0,19.0
55101001601,607,8.0,40.0
55101001301,405,5.0,19.0
55101001001,347,20.0,55.0
55101000400,454,7.0,45.0
55101000100,117,,9.0
55003950400,179,,8.0
55003950700,190,,14.0
55003950300,183,6.0,8.0
55003950500,165,,7.0
55003950600,99,,5.0
55101000500,631,13.0,56.0
55101000600,651,10.0,53.0
55101000700,632,5.0,42.0
55101000800,532,12.0,40.0
55101000901,396,,22.0
55101000903,398,8.0,29.0
55101000904,493,15.0,53.0
55101001002,313,,19.0
55101001003,438,,20.0
55139000300,371,6.0,24.0
55131420105,471,,15.0
55101001100,646,12.0,35.0
55101001201,422,,26.0
55027960800,448,,27.0
55027962000,279,14.0,18.0
55027960500,1188,7.0,44.0
55027961100,492,8.0,23.0
55027961600,364,,22.0
55101001202,877,7.0,57.0
55101001302,435,10.0,29.0
55101001400,753,5.0,43.0
55101001501,422,6.0,25.0
55101001502,794,34.0,77.0
55101001602,294,,11.0
55101001701,370,5.0,33.0
55101001702,1651,12.0,52.0
55101001703,486,13.0,33.0
55117011300,866,5.0,45.0
55009020702,842,,22.0
55021970200,462,5.0,16.0
55021971100,427,8.0,33.0
55021970400,761,5.0,34.0
55021970300,470,9.0,31.0
55021970600,417,5.0,34.0
55021970100,376,,20.0
55021970800,532,,20.0
55021970900,476,5.0,20.0
55021970500,338,,16.0
55021970700,409,7.0,19.0
55021971000,297,,24.0
55021971200,502,8.0,41.0
55101001900,386,,15.0
55101002100,320,,23.0
55101002401,510,6.0,22.0
55101002402,505,15.0,49.0
55081950800,362,,17.0
55081950100,467,,16.0
55081950600,461,7.0,28.0
55081950300,734,,30.0
55079018200,101,,7.0
55079019200,408,,23.0
55079019400,432,6.0,29.0
55079019500,428,,18.0
55105001600,553,7.0,36.0
55105002900,714,6.0,36.0
55105002300,239,,12.0
55105000900,262,,14.0
55105002602,424,8.0,18.0
55105003001,536,6.0,44.0
55105000500,388,,37.0
55105000800,333,,24.0
55105001100,561,14.0,37.0
55079100100,479,6.0,26.0
55079100200,468,,39.0
55079100300,402,15.0,49.0
55105000400,313,,19.0
55105000300,243,,19.0
55105002700,209,,
55105000200,242,,8.0
55105002601,686,13.0,45.0
55105003200,199,,9.0
55099970100,230,,25.0
55099970200,190,,14.0
55099970700,190,,9.0
55099970500,212,,16.0
55099970600,200,,12.0
55099970400,162,,19.0
55079110100,596,7.0,45.0
55081950900,579,,14.0
55081950400,517,13.0,19.0
55081950700,366,,17.0
55081950500,632,10.0,29.0
55081950200,458,6.0,10.0
55079019600,477,5.0,32.0
55079100500,397,20.0,48.0
55105001800,536,7.0,40.0
55105001900,290,6.0,18.0
55105002000,441,,21.0
55105002100,466,,25.0
55105002200,225,5.0,16.0
55105002400,398,,16.0
55131410100,611,7.0,31.0
55131430100,602,,11.0
55131420103,655,13.0,22.0
55131400102,448,5.0,19.0
55131460101,685,6.0,21.0
55131470100,621,8.0,26.0
55131420104,649,10.0,25.0
55131420200,610,,17.0
55079120201,427,11.0,46.0
55079120202,389,,19.0
55079120203,416,9.0,26.0
55079120300,281,,12.0
55079120501,478,10.0,32.0
55131420300,602,13.0,17.0
55079120502,622,30.0,75.0
55079130100,567,17.0,32.0
55079130200,301,8.0,34.0
55079140100,341,8.0,37.0
55079140201,580,11.0,47.0
55033970500,585,15.0,39.0
55033970800,773,5.0,10.0
55025001200,522,,10.0
55079001300,372,7.0,35.0
55105001000,344,,21.0
55105001302,588,6.0,26.0
55105001400,598,,34.0
55105001500,170,,17.0
55105001700,583,8.0,33.0
55079001400,273,,22.0
55079001500,343,6.0,31.0
55079001600,252,,17.0
55025010200,57,,
55025010300,223,,9.0
55025010400,215,,9.0
55025010701,278,6.0,21.0
55025011000,253,6.0,14.0
55079140202,626,8.0,36.0
55079150100,1046,19.0,69.0
55079150301,627,,22.0
55079001700,493,6.0,33.0
55079001800,211,5.0,17.0
55079001900,371,9.0,50.0
55025000501,323,,17.0
55079002000,216,,22.0
55079002100,208,,25.0
55025001300,103,,5.0
55105002500,315,7.0,15.0
55105003300,413,7.0,25.0
55105000700,446,6.0,32.0
55105002800,432,,19.0
55105003002,506,,22.0
55105003100,691,7.0,36.0
55079002300,379,9.0,54.0
55079002400,183,,22.0
55079002600,269,,27.0
55079002700,202,,14.0
55079002800,231,,29.0
55079003000,398,5.0,34.0
55079003100,348,,21.0
55079170500,300,15.0,74.0
55079170600,335,,29.0
55025011101,386,,17.0
55025011302,285,8.0,23.0
55025011503,723,,23.0
55079180200,519,,44.0
55005000100,413,6.0,28.0
55005000300,461,,8.0
55005000900,537,,19.0
55005000800,680,,23.0
55025011504,299,,6.0
55025011505,561,5.0,27.0
55047100100,297,,21.0
55047100200,294,,13.0
55047100500,188,,11.0
55047100300,260,,19.0
55047100600,363,10.0,29.0
55047100400,179,,10.0
55079180300,469,,40.0
55079180400,287,,27.0
55079180500,578,12.0,49.0
55079185100,401,8.0,34.0
55009020900,334,,12.0
55009021000,242,,9.0
55009021200,516,,23.0
55009021301,347,,16.0
55009021302,642,,20.0
55009021303,459,15.0,21.0
55025001401,735,5.0,31.0
55079185200,576,12.0,47.0
55079000304,383,5.0,25.0
55025001501,237,,11.0
55025011506,563,6.0,32.0
55009021304,228,,
55079170200,433,8.0,36.0
55079007100,163,,8.0
55079002900,247,,24.0
55079040100,176,7.0,11.0
55079020100,636,7.0,43.0
55079000202,634,5.0,39.0
55025001900,336,,7.0
55025002000,281,,16.0
55079013500,153,,19.0
55079015700,481,7.0,44.0
55025002100,296,,14.0
55025002200,276,,13.0
55079000400,273,,11.0
55079000501,415,,31.0
55079000502,482,5.0,33.0
55079000600,679,12.0,50.0
55079000700,472,21.0,57.0
55079000800,512,6.0,41.0
55079019900,530,8.0,33.0
55079030100,381,12.0,33.0
55025000204,309,,13.0
55079091200,480,,17.0
55079002200,168,,13.0
55079090100,468,13.0,18.0
55079170400,402,,24.0
55079004600,201,8.0,29.0
55079019300,378,,20.0
55079016900,717,8.0,58.0
55079020200,517,,19.0
55079060200,594,23.0,57.0
55079100600,222,,10.0
55015020500,656,11.0,65.0
55015020600,541,7.0,44.0
55005000400,818,12.0,41.0
55005000500,545,5.0,24.0
55005000200,583,6.0,31.0
55005000600,751,21.0,41.0
55079000900,340,5.0,26.0
55079003200,311,5.0,27.0
55079003300,523,6.0,32.0
55079018300,204,,
55079018400,160,,6.0
55079180100,333,,12.0
55079000201,554,,39.0
55079000301,157,,10.0
55079000302,295,,21.0
55079000303,231,,20.0
55025012201,139,,7.0
55025012202,508,11.0,36.0
55025011301,595,10.0,26.0
55025012300,381,,21.0
55025013000,323,,12.0
55025001403,776,8.0,28.0
55025011700,352,,12.0
55025010901,453,7.0,15.0
55025011600,516,6.0,20.0
55025012800,575,,23.0
55025002302,188,,17.0
55025012001,715,5.0,25.0
55025012100,255,,11.0
55025010800,867,7.0,29.0
55025013100,292,9.0,12.0
55079002500,180,,20.0
55079100400,381,,29.0
55079003400,601,7.0,48.0
55079005900,361,,28.0
55079004400,241,5.0,33.0
55025000205,193,,6.0
55079170300,292,,24.0
55079007000,205,,21.0
55079160100,757,,44.0
55079035100,166,,7.0
55079120400,775,7.0,38.0
55079009500,169,,6.0
55079016000,497,5.0,26.0
55079050102,679,9.0,69.0
55079013400,229,,12.0
55079021700,852,15.0,62.0
55079004500,224,9.0,34.0
55025013200,951,9.0,37.0
55025011102,535,,21.0
55025012900,327,,6.0
55025010600,325,,13.0
55025000201,80,,6.0
55025012002,411,,14.0
55025010702,466,6.0,22.0
55025001502,728,,32.0
55025011900,683,,21.0
55025012700,256,,11.0
55025012600,292,,13.0
55025011800,538,,26.0
55025001402,543,,17.0
55025000202,123,,
55025011200,721,,24.0
55025012400,279,,10.0
55025000100,137,,7.0
55025003002,352,,15.0
55133202800,606,19.0,35.0
55133203101,677,12.0,33.0
55133202302,872,6.0,42.0
55133202400,535,6.0,22.0
55133202500,474,6.0,31.0
55133202600,342,,20.0
55133202700,222,7.0,23.0
55133203702,463,,23.0
55025002301,261,,13.0
55025000300,204,,8.0
55025000401,106,,5.0
55025000402,111,,
55079001000,329,,30.0
55079001100,254,5.0,19.0
55079001200,310,,25.0
55059000601,663,13.0,29.0
55059002906,406,7.0,15.0
55043960400,246,,22.0
55043961000,691,5.0,28.0
55043960900,637,,16.0
55043961200,496,8.0,40.0
55043960300,421,8.0,27.0
55043960200,374,8.0,29.0
55043960700,367,5.0,24.0
55043960800,297,,22.0
55043960100,277,9.0,22.0
55043960500,273,,17.0
55043961100,499,11.0,31.0
55043960600,311,23.0,26.0
